Date,Ticker,Ticker_name,Exposure,Category,model_score_qtd_change,current_model_score,previous_model_score
2026-02-12,A,"AGILENT TECHNOLOGIES, INC.",Health Care,Health Care,-46.0,-18.0,28.0
2026-02-12,AAPL,APPLE INC.,Information Technology,Information Technology,11.0,8.0,-3.0
2026-02-12,ABBV,ABBVIE INC.,Health Care,Health Care,-52.0,-30.0,22.0
2026-02-12,ABNB,"AIRBNB, INC.",Consumer Discretionary,Consumer Discretionary,56.0,3.0,-53.0
2026-02-12,ABT,ABBOTT LABORATORIES,Health Care,Health Care,-27.0,18.0,45.0
2026-02-12,ACGL,ARCH CAPITAL GROUP LTD.,Financials,Financials,42.0,-19.0,-61.0
2026-02-12,ACN,ACCENTURE PUBLIC LIMITED COMPANY,Information Technology,Information Technology,41.0,-16.0,-57.0
2026-02-12,ADBE,ADOBE INC.,Information Technology,Information Technology,70.0,-32.0,-102.0
2026-02-12,ADI,"ANALOG DEVICES, INC.",Information Technology,Information Technology,-38.0,1.0,39.0
2026-02-12,ADM,ARCHER-DANIELS-MIDLAND COMPANY.,Consumer Staples,Consumer Staples,-49.0,26.0,75.0
2026-02-12,ADP,"AUTOMATIC DATA PROCESSING, INC.",Industrials,Industrials,-8.0,-13.0,-5.0
2026-02-12,ADSK,"AUTODESK, INC.",Information Technology,Information Technology,4.0,13.0,9.0
2026-02-12,AEE,AMEREN ,Utilities,Utilities,-34.0,13.0,47.0
2026-02-12,AEP,"AMERICAN ELECTRIC POWER COMPANY, INC.",Utilities,Utilities,-50.0,1.0,51.0
2026-02-12,AES,THE AES ,Utilities,Utilities,-12.0,-37.0,-25.0
2026-02-12,AFL,AFLAC INC.,Financials,Financials,-43.0,-41.0,2.0
2026-02-12,AIG,"AMERICAN INTERNATIONAL GROUP, INC.",Financials,Financials,63.0,-18.0,-81.0
2026-02-12,AIZ,"ASSURANT, INC.",Financials,Financials,47.0,-6.0,-53.0
2026-02-12,AJG,ARTHUR J. GALLAGHER & CO.,Financials,Financials,51.0,11.0,-40.0
2026-02-12,AKAM,"AKAMAI TECHNOLOGIES, INC.",Information Technology,Information Technology,-7.0,-17.0,-10.0
2026-02-12,ALB,ALBEMARLE ,Materials,Materials,26.0,35.0,9.0
2026-02-12,ALGN,"ALIGN TECHNOLOGY, INC.",Health Care,Health Care,-18.0,-28.0,-10.0
2026-02-12,ALL,THE ALLSTATE ,Financials,Financials,-43.0,-48.0,-5.0
2026-02-12,ALLE,ALLEGION PUBLIC LIMITED COMPANY,Industrials,Industrials,-83.0,-43.0,40.0
2026-02-12,AMAT,"APPLIED MATERIALS, INC.",Information Technology,Information Technology,90.0,77.0,-13.0
2026-02-12,AMCR,AMCOR PLC,Materials,Materials,-34.0,-37.0,-3.0
2026-02-12,AMD,"ADVANCED MICRO DEVICES, INC.",Information Technology,Information Technology,50.0,34.0,-16.0
2026-02-12,AME,"AMETEK, INC.",Industrials,Industrials,36.0,12.0,-24.0
2026-02-12,AMGN,AMGEN INC.,Health Care,Health Care,-98.0,-62.0,36.0
2026-02-12,AMP,"AMERIPRISE FINANCIAL, INC.",Financials,Financials,33.0,-10.0,-43.0
2026-02-12,AMT,AMERICAN TOWER ,Real Estate,Real Estate,-36.0,-41.0,-5.0
2026-02-12,AMZN,"AMAZON.COM, INC.",Consumer Discretionary,Consumer Discretionary,-29.0,0.0,29.0
2026-02-12,ANET,"ARISTA NETWORKS, INC.",Information Technology,Information Technology,43.0,40.0,-3.0
2026-02-12,AON,AON PLC,Financials,Financials,58.0,25.0,-33.0
2026-02-12,AOS,A. O. SMITH ,Industrials,Industrials,-50.0,-60.0,-10.0
2026-02-12,APA,APA ,Energy,Energy,-8.0,-27.0,-19.0
2026-02-12,APD,"AIR PRODUCTS AND CHEMICALS, INC.",Materials,Materials,-5.0,3.0,8.0
2026-02-12,APH,AMPHENOL ,Information Technology,Information Technology,7.0,61.0,54.0
2026-02-12,APO,"APOLLO GLOBAL MANAGEMENT, INC.",Financials,Financials,1.0,-25.0,-26.0
2026-02-12,APP,APPLOVIN CORP,Information Technology,Information Technology,-13.0,-6.0,7.0
2026-02-12,APTV,APTIV PLC,Consumer Discretionary,Consumer Discretionary,-7.0,24.0,31.0
2026-02-12,ARE,"ALEXANDRIA REAL ESTATE EQUITIES, INC.",Real Estate,Real Estate,2.0,-13.0,-15.0
2026-02-12,ARES,ARES MANAGEMENT CORP,Financials,Financials,45.0,40.0,-5.0
2026-02-12,ASC,ARDMORE SHIPPING ,,MR Discretion,-84.0,-40.0,44.0
2026-02-12,ATO,ATMOS ENERGY ,Utilities,Utilities,-50.0,1.0,51.0
2026-02-12,AVB,"AVALONBAY COMMUNITIES, INC.",Real Estate,Real Estate,35.0,23.0,-12.0
2026-02-12,AVGO,BROADCOM INC.,Information Technology,Information Technology,21.0,55.0,34.0
2026-02-12,AVY,AVERY DENNISON ,Materials,Materials,26.0,-17.0,-43.0
2026-02-12,AWK,"AMERICAN WATER WORKS COMPANY, INC.",Utilities,Utilities,-39.0,-13.0,26.0
2026-02-12,AXON,"AXON ENTERPRISE, INC.",Industrials,Industrials,23.0,0.0,-23.0
2026-02-12,AXP,AMERICAN EXPRESS COMPANY,Financials,Financials,33.0,17.0,-16.0
2026-02-12,AZO,"AUTOZONE, INC.",Consumer Discretionary,Consumer Discretionary,-40.0,-40.0,0.0
2026-02-12,BA,THE BOEING COMPANY,Industrials,Industrials,78.0,-1.0,-79.0
2026-02-12,BAC,BANK OF AMERICA ,Financials,Financials,82.0,62.0,-20.0
2026-02-12,BALL,BALL ,Materials,Materials,-34.0,-43.0,-9.0
2026-02-12,BAX,BAXTER INTERNATIONAL INC.,Health Care,Health Care,17.0,-13.0,-30.0
2026-02-12,BBY,"BEST BUY CO., INC.",Consumer Discretionary,Consumer Discretionary,5.0,-15.0,-20.0
2026-02-12,BDX,"BECTON, DICKINSON AND COMPANY",Health Care,Health Care,45.0,25.0,-20.0
2026-02-12,BEN,"FRANKLIN RESOURCES, INC.",Financials,Financials,53.0,3.0,-50.0
2026-02-12,BF.B,BROWN-FORMAN ,Consumer Staples,Consumer Staples,-42.0,-9.0,33.0
2026-02-12,BG,BUNGE LIMITED,Consumer Staples,Consumer Staples,3.0,-8.0,-11.0
2026-02-12,BIIB,BIOGEN INC.,Health Care,Health Care,-58.0,-62.0,-4.0
2026-02-12,BK,THE BANK OF NEW YORK MELLON ,Financials,Financials,-72.0,-38.0,34.0
2026-02-12,BKNG,BOOKING HOLDINGS INC.,Consumer Discretionary,Consumer Discretionary,63.0,0.0,-63.0
2026-02-12,BKR,BAKER HUGHES COMPANY,Energy,Energy,-59.0,-23.0,36.0
2026-02-12,BLDR,"BUILDERS FIRSTSOURCE, INC.",Industrials,Industrials,-20.0,6.0,26.0
2026-02-12,BLK,"BLACKROCK, INC.",Financials,Financials,25.0,-10.0,-35.0
2026-02-12,BMY,BRISTOL-MYERS SQUIBB COMPANY,Health Care,Health Care,22.0,-23.0,-45.0
2026-02-12,BR,"BROADRIDGE FINANCIAL SOLUTIONS, INC.",Industrials,Industrials,-43.0,-53.0,-10.0
2026-02-12,BRK.B,"BERKSHIRE HATHAWAY INC.,",Financials,Financials,-1.0,-23.0,-22.0
2026-02-12,BRO,"BROWN & BROWN, INC.",Financials,Financials,-35.0,-56.0,-21.0
2026-02-12,BSX,BOSTON SCIENTIFIC ,Health Care,Health Care,-58.0,0.0,58.0
2026-02-12,BTC=F,BITCOIN FUTURES,,Futures,11.0,-0.0,-11.0
2026-02-12,BTI,BRITISH AMERICAN TOBACCO P.L.C.,,MR Discretion,-28.0,16.0,44.0
2026-02-12,BTU,PEABODY ENERGY ,,MR Discretion,10.0,24.0,14.0
2026-02-12,BX,BLACKSTONE INC,Financials,Financials,66.0,30.0,-36.0
2026-02-12,BXP,"BOSTON PROPERTIES, INC.",Real Estate,Real Estate,-23.0,-14.0,9.0
2026-02-12,C,CITIGROUP INC.,Financials,Financials,34.0,26.0,-8.0
2026-02-12,CAG,"CONAGRA BRANDS, INC.",Consumer Staples,Consumer Staples,-6.0,-36.0,-30.0
2026-02-12,CAH,"CARDINAL HEALTH, INC.",Health Care,Health Care,33.0,37.0,4.0
2026-02-12,CALM,"CAL-MAINE FOODS, INC.",,MR Discretion,-95.0,-59.0,36.0
2026-02-12,CANE,TEUCRIUM:SUGAR,,Commodities,9.0,23.0,14.0
2026-02-12,CARR,CARRIER GLOBAL ,Industrials,Industrials,-45.0,-46.0,-1.0
2026-02-12,CAT,CATERPILLAR INC.,Industrials,Industrials,10.0,25.0,15.0
2026-02-12,CB,CHUBB LTD,Financials,Financials,-14.0,-70.0,-56.0
2026-02-12,CBOE,"CBOE GLOBAL MARKETS, INC.",Financials,Financials,72.0,16.0,-56.0
2026-02-12,CBRE,"CBRE GROUP, INC.",Real Estate,Real Estate,-15.0,11.0,26.0
2026-02-12,CCI,CROWN CASTLE INC.,Real Estate,Real Estate,64.0,17.0,-47.0
2026-02-12,CCJ,CAMECO ,,MR Discretion,-8.0,26.0,34.0
2026-02-12,CCL,CARNIVAL CORP,Consumer Discretionary,Consumer Discretionary,35.0,-32.0,-67.0
2026-02-12,CDNS,"CADENCE DESIGN SYSTEMS, INC.",Information Technology,Information Technology,5.0,31.0,26.0
2026-02-12,CDW,CDW ,Information Technology,Information Technology,-6.0,-22.0,-16.0
2026-02-12,CEG,CONSTELLATION ENERGY,Utilities,Utilities,8.0,6.0,-2.0
2026-02-12,CF,"CF INDUSTRIES HOLDINGS, INC.",Materials,Materials,2.0,28.0,26.0
2026-02-12,CFG,"CITIZENS FINANCIAL GROUP, INC.",Financials,Financials,67.0,26.0,-41.0
2026-02-12,CHD,"CHURCH & DWIGHT CO., INC.",Consumer Staples,Consumer Staples,-71.0,-60.0,11.0
2026-02-12,CHRW,"C.H. ROBINSON WORLDWIDE, INC.",Industrials,Industrials,-61.0,-8.0,53.0
2026-02-12,CHTR,"CHARTER COMMUNICATIONS, INC.",Communication Services,Communication Services,55.0,-27.0,-82.0
2026-02-12,CI,THE CIGNA GROUP,Health Care,Health Care,-53.0,-63.0,-10.0
2026-02-12,CIEN,CIENA CORPORATION,Information Technology,Information Technology,59.0,39.0,-20.0
2026-02-12,CINF,CINCINNATI FINANCIAL ,Financials,Financials,40.0,44.0,4.0
2026-02-12,CL,COLGATE-PALMOLIVE COMPANY,Consumer Staples,Consumer Staples,-50.0,-53.0,-3.0
2026-02-12,CLX,THE CLOROX COMPANY,Consumer Staples,Consumer Staples,-72.0,-27.0,45.0
2026-02-12,CMBT,CMB.TECH NV,,MR Discretion,-63.0,-35.0,28.0
2026-02-12,CMCSA,COMCAST ,Communication Services,Communication Services,-41.0,-43.0,-2.0
2026-02-12,CME,CME GROUP INC.,Financials,Financials,-35.0,-27.0,8.0
2026-02-12,CMG,"CHIPOTLE MEXICAN GRILL, INC.",Consumer Discretionary,Consumer Discretionary,75.0,-10.0,-85.0
2026-02-12,CMI,CUMMINS INC.,Industrials,Industrials,7.0,29.0,22.0
2026-02-12,CMRE,COSTAMARE INC.,,MR Discretion,3.0,23.0,20.0
2026-02-12,CMS,CMS ENERGY ,Utilities,Utilities,-20.0,13.0,33.0
2026-02-12,CNC,CENTENE ,Health Care,Health Care,95.0,38.0,-57.0
2026-02-12,CNP,"CENTERPOINT ENERGY, INC.",Utilities,Utilities,-23.0,6.0,29.0
2026-02-12,CNR,"CORE NATURAL RESOURCES, INC.",,MR Discretion,66.0,23.0,-43.0
2026-02-12,COF,CAPITAL ONE FINANCIAL ,Financials,Financials,2.0,-38.0,-40.0
2026-02-12,COIN,"COINBASE GLOBAL, INC.",Financials,Financials,6.0,-37.0,-43.0
2026-02-12,COMT,ISHARES:GSCI COMM DYN RS,,Commodities,3.0,3.0,0.0
2026-02-12,COO,"THE COOPER COMPANIES, INC.",Health Care,Health Care,42.0,-19.0,-61.0
2026-02-12,COP,CONOCOPHILLIPS,Energy,Energy,-34.0,-54.0,-20.0
2026-02-12,COR,"CENCORA, INC.",Health Care,Health Care,67.0,73.0,6.0
2026-02-12,CORN,TEUCRIUM:CORN,,Commodities,-28.0,3.0,31.0
2026-02-12,COST,COSTCO WHOLESALE ,Consumer Staples,Consumer Staples,-52.0,-27.0,25.0
2026-02-12,CPAY,"FLEETCOR TECHNOLOGIES, INC.",Financials,Financials,77.0,20.0,-57.0
2026-02-12,CPB,CAMPBELL SOUP COMPANY,Consumer Staples,Consumer Staples,-117.0,-50.0,67.0
2026-02-12,CPER,UNITED STATES COPPER IDX,,Commodities,-3.0,-8.0,-5.0
2026-02-12,CPRT,"COPART, INC.",Industrials,Industrials,6.0,-8.0,-14.0
2026-02-12,CPT,CAMDEN PROPERTY TRUST,Real Estate,Real Estate,67.0,47.0,-20.0
2026-02-12,CRESY,CRESUD INC.,,MR Discretion,44.0,18.0,-26.0
2026-02-12,CRH,CRH PUBLIC LIMITED COMPANY,Materials,Materials,107.0,37.0,-70.0
2026-02-12,CRL,CHARLES RIVER LABORATORIES,Health Care,Health Care,75.0,11.0,-64.0
2026-02-12,CRM,"SALESFORCE, INC.",Information Technology,Information Technology,42.0,-28.0,-70.0
2026-02-12,CRWD,"CROWDSTRIKE HOLDINGS, INC.",Information Technology,Information Technology,47.0,14.0,-33.0
2026-02-12,CSCO,"CISCO SYSTEMS, INC.",Information Technology,Information Technology,-5.0,-7.0,-2.0
2026-02-12,CSGP,"COSTAR GROUP, INC.",Real Estate,Real Estate,-1.0,14.0,15.0
2026-02-12,CSX,CSX ,Industrials,Industrials,39.0,-2.0,-41.0
2026-02-12,CTAS,CINTAS ,Industrials,Industrials,44.0,21.0,-23.0
2026-02-12,CTRA,COTERRA ENERGY INC.,Energy,Energy,-36.0,-25.0,11.0
2026-02-12,CTSH,COGNIZANT TECHNOLOGY SOLUTIONS ,Information Technology,Information Technology,32.0,-29.0,-61.0
2026-02-12,CTVA,"CORTEVA, INC.",Materials,Materials,-3.0,-12.0,-9.0
2026-02-12,CVNA,CARVANA CO.,Consumer Discretionary,Consumer Discretionary,43.0,-13.0,-56.0
2026-02-12,CVS,CVS HEALTH ,Health Care,Health Care,4.0,3.0,-1.0
2026-02-12,CVX,CHEVRON ,Energy,Energy,-37.0,-8.0,29.0
2026-02-12,D,"DOMINION ENERGY, INC.",Utilities,Utilities,-49.0,-22.0,27.0
2026-02-12,DAL,"DELTA AIR LINES, INC.",Industrials,Industrials,78.0,16.0,-62.0
2026-02-12,DASH,"DOORDASH, INC.",Consumer Discretionary,Consumer Discretionary,29.0,-13.0,-42.0
2026-02-12,DBA,INVESCO DB MS AGRI,,Commodities,-45.0,-35.0,10.0
2026-02-12,DBB,INVESCO DB MS BMTL,,Commodities,31.0,31.0,-0.0
2026-02-12,DBC,INVESCO DB CM IDX,,Commodities,2.0,11.0,9.0
2026-02-12,DD,"DUPONT DE NEMOURS, INC.",Materials,Materials,-20.0,-21.0,-1.0
2026-02-12,DDOG,"DATADOG, INC.",Information Technology,Information Technology,-36.0,-12.0,24.0
2026-02-12,DE,DEERE & COMPANY,Industrials,Industrials,-84.0,-22.0,62.0
2026-02-12,DECK,DECKERS OUTDOOR ,Consumer Discretionary,Consumer Discretionary,13.0,-37.0,-50.0
2026-02-12,DELL,DELL TECHNOLOGIES INC.,Information Technology,Information Technology,10.0,4.0,-6.0
2026-02-12,DG,DOLLAR GENERAL ,Consumer Staples,Consumer Staples,67.0,32.0,-35.0
2026-02-12,DGX,QUEST DIAGNOSTICS INC.,Health Care,Health Care,-60.0,-27.0,33.0
2026-02-12,DHI,"D.R. HORTON, INC.",Consumer Discretionary,Consumer Discretionary,-29.0,7.0,36.0
2026-02-12,DHR,DANAHER ,Health Care,Health Care,38.0,11.0,-27.0
2026-02-12,DHT,"DHT HOLDINGS, INC.",,MR Discretion,-53.0,-7.0,46.0
2026-02-12,DIA,SPDR DOW JONES INDUS AVG,,Sector & Style ETFs,28.0,-3.0,-31.0
2026-02-12,DIS,THE WALT DISNEY COMPANY,Communication Services,Communication Services,48.0,-2.0,-50.0
2026-02-12,DJI,DOW JONES INDUSTRIAL AVG INDEX,,Indices,21.0,-18.0,-39.0
2026-02-12,DLR,"DIGITAL REALTY TRUST, INC.",Real Estate,Real Estate,45.0,-2.0,-47.0
2026-02-12,DLTR,"DOLLAR TREE, INC.",Consumer Staples,Consumer Staples,52.0,6.0,-46.0
2026-02-12,DOC,"HEALTHDOC PROPERTIES, INC.",Real Estate,Real Estate,12.0,39.0,27.0
2026-02-12,DOV,DOVER ,Industrials,Industrials,-78.0,-81.0,-3.0
2026-02-12,DOW,DOW INC.,Materials,Materials,-63.0,-57.0,6.0
2026-02-12,DPZ,"DOMINO'S PIZZA, INC.",Consumer Discretionary,Consumer Discretionary,-12.0,14.0,26.0
2026-02-12,DRI,"DARDEN RESTAURANTS, INC.",Consumer Discretionary,Consumer Discretionary,34.0,-11.0,-45.0
2026-02-12,DTE,DTE ENERGY COMPANY,Utilities,Utilities,-57.0,-17.0,40.0
2026-02-12,DUK,DUKE ENERGY ,Utilities,Utilities,-60.0,-20.0,40.0
2026-02-12,DVA,DAVITA INC.,Health Care,Health Care,-100.0,-60.0,40.0
2026-02-12,DVN,DEVON ENERGY ,Energy,Energy,-61.0,-72.0,-11.0
2026-02-12,DXCM,"DEXCOM, INC.",Health Care,Health Care,44.0,14.0,-30.0
2026-02-12,DXY,US DOLLAR INDEX,USD,Indices,32.0,28.0,-4.0
2026-02-12,EA,ELECTRONIC ARTS INC.,Communication Services,Communication Services,52.0,47.0,-5.0
2026-02-12,EBAY,EBAY INC.,Consumer Discretionary,Consumer Discretionary,-13.0,-11.0,2.0
2026-02-12,EC,ECOPETROL SA,,MR Discretion,18.0,24.0,6.0
2026-02-12,ECH,ISHARES:MSCI CHILE,,Foreign,3.0,15.0,12.0
2026-02-12,ECL,ECOLAB INC.,Materials,Materials,-79.0,-43.0,36.0
2026-02-12,ED,"CONSOLIDATED EDISON, INC.",Utilities,Utilities,17.0,3.0,-14.0
2026-02-12,EDEN,ISHARES:MSCI DENMARK,,Foreign,91.0,64.0,-27.0
2026-02-12,EDV,VANGUARD EXT DUR T;ETF,Bonds,Bonds,36.0,-10.0,-46.0
2026-02-12,EFNL,ISHARES:MSCI FINLAND,,Foreign,50.0,27.0,-23.0
2026-02-12,EFX,EQUIFAX INC.,Industrials,Industrials,80.0,30.0,-50.0
2026-02-12,EG,"EVEREST GROUP, LTD.",Financials,Financials,23.0,-3.0,-26.0
2026-02-12,EIDO,ISHARES:MSCI INDONESIA,,Foreign,75.0,66.0,-9.0
2026-02-12,EIRL,ISHARES:MSCI IRELAND,,Foreign,60.0,21.0,-39.0
2026-02-12,EIS,ISHARES:MSCI ISRAEL,,Foreign,55.0,35.0,-20.0
2026-02-12,EIX,EDISON INTERNATIONAL,Utilities,Utilities,-53.0,-43.0,10.0
2026-02-12,EL,THE ESTEE LAUDER COMPANIES INC.,Consumer Staples,Consumer Staples,88.0,39.0,-49.0
2026-02-12,ELV,"ELEVANCE HEALTH, INC.",Health Care,Health Care,68.0,38.0,-30.0
2026-02-12,EME,"EMCOR GROUP, INC.",Industrials,Industrials,40.0,24.0,-16.0
2026-02-12,EMR,EMERSON ELECTRIC CO.,Industrials,Industrials,69.0,47.0,-22.0
2026-02-12,ENZL,ISHARES:MSCI NEW ZLND,,Foreign,-25.0,-16.0,9.0
2026-02-12,EOG,"EOG RESOURCES, INC.",Energy,Energy,-70.0,-43.0,27.0
2026-02-12,EPAM,"EPAM SYSTEMS, INC.",Information Technology,Information Technology,39.0,11.0,-28.0
2026-02-12,EPHE,ISHARES:MSCI PHILIPPINES,,Foreign,-9.0,-27.0,-18.0
2026-02-12,EPOL,ISHARES:MSCI POLAND,,Foreign,82.0,30.0,-52.0
2026-02-12,EPU,ISHARES:MSCI PERU,,Foreign,69.0,35.0,-34.0
2026-02-12,EQIX,"EQUINIX, INC.",Real Estate,Real Estate,3.0,-35.0,-38.0
2026-02-12,EQR,EQUITY RESIDENTIAL,Real Estate,Real Estate,-8.0,-27.0,-19.0
2026-02-12,EQT,EQT ,Energy,Energy,-64.0,-29.0,35.0
2026-02-12,ERIE,ERIE INDEMNITY COMPANY,Financials,Financials,-23.0,-54.0,-31.0
2026-02-12,ES,EVERSOURCE ENERGY,Utilities,Utilities,1.0,17.0,16.0
2026-02-12,ES=F,E-MINI S&P 500 FUTURES,,Futures,25.0,14.0,-11.0
2026-02-12,ESS,"ESSEX PROPERTY TRUST, INC.",Real Estate,Real Estate,-12.0,-22.0,-10.0
2026-02-12,ETN,EATON  PUBLIC LIMITED COMPANY,Industrials,Industrials,-49.0,-20.0,29.0
2026-02-12,ETR,ENTERGY ,Utilities,Utilities,-29.0,-1.0,28.0
2026-02-12,EVRG,"EVERGY, INC.",Utilities,Utilities,-8.0,1.0,9.0
2026-02-12,EW,EDWARDS LIFESCIENCES ,Health Care,Health Care,37.0,36.0,-1.0
2026-02-12,EWA,ISHARES:MSCI AUSTRALIA,,Foreign,77.0,-2.0,-79.0
2026-02-12,EWC,ISHARES:MSCI CANADA,,Foreign,78.0,46.0,-32.0
2026-02-12,EWD,ISHARES:MSCI SWEDEN,,Foreign,51.0,10.0,-41.0
2026-02-12,EWG,ISHARES:MSCI GERMANY,,Foreign,80.0,35.0,-45.0
2026-02-12,EWH,ISHARES:MSCI HONG KONG,,Foreign,-38.0,-7.0,31.0
2026-02-12,EWI,ISHARES:MSCI ITALY,,Foreign,-8.0,-13.0,-5.0
2026-02-12,EWJ,ISHARES:MSCI JAPAN,,Foreign,-115.0,-43.0,72.0
2026-02-12,EWK,ISHARES:MSCI BELGIUM,,Foreign,-21.0,13.0,34.0
2026-02-12,EWL,ISHARES:MSCI SWITZERLAND,,Foreign,14.0,-31.0,-45.0
2026-02-12,EWM,ISHARES:MSCI MALAYSIA,,Foreign,-4.0,-24.0,-20.0
2026-02-12,EWN,ISHARES:MSCI NETHERLANDS,,Foreign,8.0,16.0,8.0
2026-02-12,EWO,ISHARES:MSCI AUSTRIA,,Foreign,54.0,27.0,-27.0
2026-02-12,EWP,ISHARES:MSCI SPAIN,,Foreign,9.0,-0.0,-9.0
2026-02-12,EWQ,ISHARES:MSCI FRANCE,,Foreign,7.0,-3.0,-10.0
2026-02-12,EWS,ISHARES:MSCI SINGAPORE,,Foreign,-29.0,7.0,36.0
2026-02-12,EWT,ISHARES:MSCI TAIWAN,,Foreign,-32.0,-24.0,8.0
2026-02-12,EWU,ISHARES:MSCI UK,,Foreign,40.0,3.0,-37.0
2026-02-12,EWW,ISHARES:MSCI MEXICO,,Foreign,-15.0,-23.0,-8.0
2026-02-12,EWY,ISHARES:MSCI S KOREA,,Foreign,48.0,62.0,14.0
2026-02-12,EWZ,ISHARES:MSCI BRAZIL,,Foreign,-87.0,-6.0,81.0
2026-02-12,EXC,EXELON ,Utilities,Utilities,-80.0,-35.0,45.0
2026-02-12,EXE,EXPAND ENERGY ,Energy,Energy,-56.0,-19.0,37.0
2026-02-12,EXPD,EXPEDITORS INTERNATIONAL OF WASHINGTON,Industrials,Industrials,-35.0,-36.0,-1.0
2026-02-12,EXPE,"EXPEDIA GROUP, INC.",Consumer Discretionary,Consumer Discretionary,3.0,-0.0,-3.0
2026-02-12,EXR,EXTRA SPACE STORAGE INC.,Real Estate,Real Estate,62.0,15.0,-47.0
2026-02-12,F,FORD MOTOR COMPANY,Consumer Discretionary,Consumer Discretionary,60.0,53.0,-7.0
2026-02-12,FANG,"DIAMONDBACK ENERGY, INC.",Energy,Energy,0.0,-40.0,-40.0
2026-02-12,FAST,FASTENAL COMPANY,Industrials,Industrials,-52.0,-37.0,15.0
2026-02-12,FCX,FREEPORT-MCMORAN INC.,Materials,Materials,78.0,35.0,-43.0
2026-02-12,FDS,FACTSET RESEARCH SYSTEMS INC.,Financials,Financials,74.0,0.0,-74.0
2026-02-12,FDX,FEDEX ,Industrials,Industrials,-8.0,-56.0,-48.0
2026-02-12,FE,FIRSTENERGY CORP.,Utilities,Utilities,-28.0,19.0,47.0
2026-02-12,FFIV,"F5, INC.",Information Technology,Information Technology,79.0,44.0,-35.0
2026-02-12,FICO,FAIR ISAAC ,Information Technology,Information Technology,11.0,-35.0,-46.0
2026-02-12,FIS,FIDELITY NATIONAL INFORMATION SERVICES,Financials,Financials,26.0,-5.0,-31.0
2026-02-12,FISV,"FISERV, INC.",Financials,Financials,13.0,-27.0,-40.0
2026-02-12,FITB,FIFTH THIRD BANCORP,Financials,Financials,64.0,11.0,-53.0
2026-02-12,FIX,"COMFORT SYSTEMS USA, INC.",Industrials,Industrials,51.0,59.0,8.0
2026-02-12,FOXA,FOX ,Communication Services,Communication Services,58.0,-0.0,-58.0
2026-02-12,FRO,FRONTLINE PLC,,MR Discretion,-26.0,-7.0,19.0
2026-02-12,FRT,FEDERAL REALTY INVESTMENT TRUST,Real Estate,Real Estate,3.0,-37.0,-40.0
2026-02-12,FSLR,"FIRST SOLAR, INC.",Information Technology,Information Technology,72.0,56.0,-16.0
2026-02-12,FTI,TECHNIPFMC PLC,,MR Discretion,-111.0,-27.0,84.0
2026-02-12,FTNT,"FORTINET, INC.",Information Technology,Information Technology,-49.0,-41.0,8.0
2026-02-12,FTV,FORTIVE ,Industrials,Industrials,55.0,14.0,-41.0
2026-02-12,FVX,5 YR TSY YLD NDX,Yields,Yields,45.0,-3.0,-48.0
2026-02-12,FXA,INVESCO:AU DOLLAR,,Currencies,21.0,-29.0,-50.0
2026-02-12,FXB,INVESCO:GBP STERLING,,Currencies,72.0,29.0,-43.0
2026-02-12,FXC,INVESCO:CANADIAN DOLLAR,,Currencies,26.0,-17.0,-43.0
2026-02-12,FXE,INVESCO:EURO,,Currencies,69.0,23.0,-46.0
2026-02-12,FXY,INVESCO:JAPANESE YEN,,Currencies,-20.0,15.0,35.0
2026-02-12,GD,GENERAL DYNAMICS ,Industrials,Industrials,-30.0,-46.0,-16.0
2026-02-12,GDDY,GODADDY INC.,Information Technology,Information Technology,9.0,-11.0,-20.0
2026-02-12,GDX,VANECK:GOLD MINERS,,Commodities,15.0,1.0,-14.0
2026-02-12,GDXJ,VANECK:JR GOLD MINERS,,Commodities,15.0,1.0,-14.0
2026-02-12,GE,GENERAL ELECTRIC COMPANY,Industrials,Industrials,44.0,39.0,-5.0
2026-02-12,GEHC,GE HEALTHCARE TECHNOLOGIES INC.,Health Care,Health Care,24.0,-34.0,-58.0
2026-02-12,GEN,GEN DIGITAL INC.,Information Technology,Information Technology,68.0,7.0,-61.0
2026-02-12,GEOS,GEOSPACE TECHNOLOGIES ,,MR Discretion,17.0,-0.0,-17.0
2026-02-12,GEV,GE VERNOVA INC.,Industrials,Industrials,39.0,24.0,-15.0
2026-02-12,GGB,GERDAU SA,,MR Discretion,48.0,24.0,-24.0
2026-02-12,GILD,"GILEAD SCIENCES, INC.",Health Care,Health Care,-83.0,-37.0,46.0
2026-02-12,GIS,"GENERAL MILLS, INC.",Consumer Staples,Consumer Staples,-6.0,-36.0,-30.0
2026-02-12,GL,GLOBE LIFE INC.,Financials,Financials,40.0,-3.0,-43.0
2026-02-12,GLATF,GLOBAL ATOMIC ,,MR Discretion,25.0,11.0,-14.0
2026-02-12,GLD,SPDR GOLD,Gold,Commodities,0.0,-7.0,-7.0
2026-02-12,GLW,CORNING INC.,Information Technology,Information Technology,17.0,16.0,-1.0
2026-02-12,GM,GENERAL MOTORS COMPANY,Consumer Discretionary,Consumer Discretionary,63.0,31.0,-32.0
2026-02-12,GNK,GENCO SHIPPING & TRADING LIMITED,,MR Discretion,-3.0,5.0,8.0
2026-02-12,GNRC,GENERAC HOLDINGS INC.,Industrials,Industrials,-90.0,-27.0,63.0
2026-02-12,GOOGL,ALPHABET INC.,Communication Services,Communication Services,-48.0,29.0,77.0
2026-02-12,GPC,GENUINE PARTS COMPANY,Consumer Discretionary,Consumer Discretionary,-60.0,-16.0,44.0
2026-02-12,GPN,GLOBAL PAYMENTS INC.,Financials,Financials,64.0,12.0,-52.0
2026-02-12,GREK,GLBL X MSCI GREECE,,Foreign,19.0,26.0,7.0
2026-02-12,GRMN,GARMIN LTD,Consumer Discretionary,Consumer Discretionary,47.0,12.0,-35.0
2026-02-12,GS,"THE GOLDMAN SACHS GROUP, INC.",Financials,Financials,-1.0,18.0,19.0
2026-02-12,GWW,"W.W. GRAINGER, INC.",Industrials,Industrials,36.0,-21.0,-57.0
2026-02-12,HAL,HALLIBURTON COMPANY,Energy,Energy,41.0,17.0,-24.0
2026-02-12,HAS,"HASBRO, INC.",Consumer Discretionary,Consumer Discretionary,-26.0,3.0,29.0
2026-02-12,HBAN,HUNTINGTON BANCSHARES INC.,Financials,Financials,95.0,54.0,-41.0
2026-02-12,HCA,"HCA HEALTHCARE, INC.",Health Care,Health Care,6.0,-9.0,-15.0
2026-02-12,HD,"THE HOME DEPOT, INC.",Consumer Discretionary,Consumer Discretionary,-53.0,-36.0,17.0
2026-02-12,HIG,THE HARTFORD FINANCIAL SERVICES GROUP,Financials,Financials,-5.0,-33.0,-28.0
2026-02-12,HII,"HUNTINGTON INGALLS INDUSTRIES, INC.",Industrials,Industrials,82.0,36.0,-46.0
2026-02-12,HLT,HILTON WORLDWIDE HOLDINGS INC.,Consumer Discretionary,Consumer Discretionary,-9.0,-19.0,-10.0
2026-02-12,HLX,"HELIX ENERGY SOLUTIONS GROUP, INC.",,MR Discretion,-42.0,-46.0,-4.0
2026-02-12,HOLX,"HOLOGIC, INC.",Health Care,Health Care,8.0,7.0,-1.0
2026-02-12,HON,HONEYWELL INTERNATIONAL INC.,Industrials,Industrials,-21.0,-35.0,-14.0
2026-02-12,HOOD,"ROBINHOOD MARKETS, INC.",Financials,Financials,41.0,-0.0,-41.0
2026-02-12,HPE,HEWLETT PACKARD ENTERPRISE COMPANY,Information Technology,Information Technology,76.0,35.0,-41.0
2026-02-12,HPQ,HP INC.,Information Technology,Information Technology,6.0,-7.0,-13.0
2026-02-12,HRL,HORMEL FOODS ,Consumer Staples,Consumer Staples,50.0,19.0,-31.0
2026-02-12,HSIC,"HENRY SCHEIN, INC.",Health Care,Health Care,19.0,25.0,6.0
2026-02-12,HST,"HOST HOTELS & RESORTS, INC.",Real Estate,Real Estate,39.0,-40.0,-79.0
2026-02-12,HSY,THE HERSHEY COMPANY,Consumer Staples,Consumer Staples,-63.0,-43.0,20.0
2026-02-12,HUBB,HUBBELL INC.,Industrials,Industrials,-23.0,1.0,24.0
2026-02-12,HUM,HUMANA INC.,Health Care,Health Care,53.0,23.0,-30.0
2026-02-12,HWM,HOWMET AEROSPACE INC.,Industrials,Industrials,-41.0,-3.0,38.0
2026-02-12,HYD,VANECK:HIGH YIELD MUNI,,Bonds,31.0,7.0,-24.0
2026-02-12,HYG,ISHARES:IBOXX $HY CORP,Bonds,Bonds,22.0,12.0,-10.0
2026-02-12,IBKR,"INTERACTIVE BROKERS GROUP, INC.",Financials,Financials,38.0,44.0,6.0
2026-02-12,IBM,INTERNATIONAL BUSINESS MACHINES ,Information Technology,Information Technology,-25.0,-16.0,9.0
2026-02-12,ICE,"INTERCONTINENTAL EXCHANGE, INC.",Financials,Financials,38.0,2.0,-36.0
2026-02-12,ICL,ICL GROUP LTD,,MR Discretion,-15.0,-3.0,12.0
2026-02-12,IDXX,"IDEXX LABORATORIES, INC.",Health Care,Health Care,-19.0,36.0,55.0
2026-02-12,IEF,ISHARES:7-10 TRS BD ETF,Bonds,Bonds,-19.0,-2.0,17.0
2026-02-12,IEX,IDEX ,Industrials,Industrials,10.0,-31.0,-41.0
2026-02-12,IFF,INTERNATIONAL FLAVORS & FRAGRANCES INC.,Materials,Materials,-49.0,-43.0,6.0
2026-02-12,INCY,INCYTE ,Health Care,Health Care,-12.0,47.0,59.0
2026-02-12,INDA,ISHARES:MSCI INDIA,,Foreign,5.0,-17.0,-22.0
2026-02-12,INTC,INTEL ,Information Technology,Information Technology,55.0,45.0,-10.0
2026-02-12,INTU,INTUIT INC.,Information Technology,Information Technology,72.0,11.0,-61.0
2026-02-12,INVH,INVITATION HOMES INC.,Real Estate,Real Estate,-9.0,-3.0,6.0
2026-02-12,IP,INTERNATIONAL PAPER COMPANY,Materials,Materials,-41.0,-60.0,-19.0
2026-02-12,IQV,IQVIA HOLDINGS INC,Health Care,Health Care,-4.0,-0.0,4.0
2026-02-12,IR,INGERSOLL RAND INC.,Industrials,Industrials,-32.0,-58.0,-26.0
2026-02-12,IRM,IRON MOUNTAIN INC.,Real Estate,Real Estate,-2.0,-32.0,-30.0
2026-02-12,ISRG,"INTUITIVE SURGICAL, INC.",Health Care,Health Care,17.0,12.0,-5.0
2026-02-12,IT,"GARTNER, INC.",Information Technology,Information Technology,53.0,0.0,-53.0
2026-02-12,ITW,ILLINOIS TOOL WORKS INC.,Industrials,Industrials,-65.0,-60.0,5.0
2026-02-12,IVZ,INVESCO LTD.,Financials,Financials,46.0,15.0,-31.0
2026-02-12,IWD,ISHARES:RUSS 1000 VL ETF,,Sector & Style ETFs,55.0,-3.0,-58.0
2026-02-12,IWF,ISHARES:RUSS 1000 GR ETF,,Sector & Style ETFs,16.0,20.0,4.0
2026-02-12,IWM,ISHARES:RUSS 2000 ETF,,Sector & Style ETFs,49.0,54.0,5.0
2026-02-12,J,JACOBS SOLUTIONS INC.,Industrials,Industrials,26.0,48.0,22.0
2026-02-12,JBHT,"J. B. HUNT TRANSPORT SERVICES, INC.",Industrials,Industrials,70.0,29.0,-41.0
2026-02-12,JBL,JABIL INC.,Information Technology,Information Technology,74.0,44.0,-30.0
2026-02-12,JCI,JOHNSON CONTROLS INTERNATIONAL PLC,Industrials,Industrials,-52.0,-23.0,29.0
2026-02-12,JKHY,"JACK HENRY & ASSOCIATES, INC.",Financials,Financials,18.0,-6.0,-24.0
2026-02-12,JNJ,JOHNSON & JOHNSON,Health Care,Health Care,-48.0,-33.0,15.0
2026-02-12,JNK,SPDR BBG HIGH YIELD BD,,Bonds,34.0,7.0,-27.0
2026-02-12,JPM,JPMORGAN CHASE & CO.,Financials,Financials,47.0,64.0,17.0
2026-02-12,KDP,KEURIG DR PEPPER INC.,Consumer Staples,Consumer Staples,11.0,1.0,-10.0
2026-02-12,KEY,KEYCORP,Financials,Financials,114.0,71.0,-43.0
2026-02-12,KEYS,"KEYSIGHT TECHNOLOGIES, INC.",Information Technology,Information Technology,0.0,33.0,33.0
2026-02-12,KHC,THE KRAFT HEINZ COMPANY,Consumer Staples,Consumer Staples,-9.0,-3.0,6.0
2026-02-12,KIM,KIMCO REALTY .,Real Estate,Real Estate,-30.0,-35.0,-5.0
2026-02-12,KKR,KKR & CO. INC.,Financials,Financials,32.0,-2.0,-34.0
2026-02-12,KLAC,KLA ,Information Technology,Information Technology,66.0,50.0,-16.0
2026-02-12,KMB,KIMBERLY-CLARK ,Consumer Staples,Consumer Staples,-5.0,-9.0,-4.0
2026-02-12,KMI,"KINDER MORGAN, INC.",Energy,Energy,-9.0,-40.0,-31.0
2026-02-12,KO,THE COCA-COLA COMPANY,Consumer Staples,Consumer Staples,-41.0,-17.0,24.0
2026-02-12,KR,THE KROGER CO.,Consumer Staples,Consumer Staples,-46.0,-20.0,26.0
2026-02-12,KVUE,KENVUE INC.,Consumer Staples,Consumer Staples,-7.0,-26.0,-19.0
2026-02-12,L,LOEWS ,Financials,Financials,-14.0,13.0,27.0
2026-02-12,LDOS,"LEIDOS HOLDINGS, INC.",Industrials,Industrials,-19.0,-12.0,7.0
2026-02-12,LEN,LENNAR ,Consumer Discretionary,Consumer Discretionary,-26.0,7.0,33.0
2026-02-12,LH,LABORATORY  OF AMERICA HOLDINGS,Health Care,Health Care,-32.0,-20.0,12.0
2026-02-12,LHX,"L3HARRIS TECHNOLOGIES, INC.",Industrials,Industrials,41.0,6.0,-35.0
2026-02-12,LII,LENNOX INTERNATIONAL INC.,Industrials,Industrials,-6.0,-41.0,-35.0
2026-02-12,LIN,LINDE PUBLIC LIMITED COMPANY,Materials,Materials,-16.0,-33.0,-17.0
2026-02-12,LLY,ELI LILLY AND COMPANY,Health Care,Health Care,-15.0,-25.0,-10.0
2026-02-12,LMT,LOCKHEED MARTIN ,Industrials,Industrials,51.0,-13.0,-64.0
2026-02-12,LNT,ALLIANT ENERGY ,Utilities,Utilities,-38.0,16.0,54.0
2026-02-12,LOW,"LOWE'S COMPANIES, INC.",Consumer Discretionary,Consumer Discretionary,-47.0,-2.0,45.0
2026-02-12,LQD,ISHARES:IBOXX $IG CORP,Bonds,Bonds,13.0,15.0,2.0
2026-02-12,LRCX,LAM RESEARCH ,Information Technology,Information Technology,65.0,43.0,-22.0
2026-02-12,LULU,LULULEMON ATHLETICA INC.,Consumer Discretionary,Consumer Discretionary,45.0,-34.0,-79.0
2026-02-12,LUV,SOUTHWEST AIRLINES CO.,Industrials,Industrials,41.0,7.0,-34.0
2026-02-12,LVS,LAS VEGAS SANDS CORP.,Consumer Discretionary,Consumer Discretionary,-24.0,8.0,32.0
2026-02-12,LW,"LAMB WESTON HOLDINGS, INC.",Consumer Staples,Consumer Staples,-53.0,-53.0,0.0
2026-02-12,LYB,LYONDELLBASELL INDUSTRIES NV,Materials,Materials,-81.0,-41.0,40.0
2026-02-12,LYV,"LIVE NATION ENTERTAINMENT, INC.",Communication Services,Communication Services,38.0,-2.0,-40.0
2026-02-12,MA,MASTERCARD INC..,Financials,Financials,74.0,38.0,-36.0
2026-02-12,MAA,"MID-AMERICA APARTMENT COMMUNITIES, INC.",Real Estate,Real Estate,26.0,14.0,-12.0
2026-02-12,MAR,"MARRIOTT INTERNATIONAL, INC.",Consumer Discretionary,Consumer Discretionary,-18.0,-28.0,-10.0
2026-02-12,MAS,MASCO ,Industrials,Industrials,-38.0,-32.0,6.0
2026-02-12,MCD,MCDONALD'S ,Consumer Discretionary,Consumer Discretionary,-27.0,-35.0,-8.0
2026-02-12,MCHI,ISHARES:MSCI CHINA,,Foreign,-44.0,3.0,47.0
2026-02-12,MCHP,MICROCHIP TECHNOLOGY INC.,Information Technology,Information Technology,90.0,6.0,-84.0
2026-02-12,MCK,MCKESSON ,Health Care,Health Care,5.0,14.0,9.0
2026-02-12,MCO,MOODY'S ,Financials,Financials,50.0,0.0,-50.0
2026-02-12,MDLZ,"MONDELEZ INTERNATIONAL, INC.",Consumer Staples,Consumer Staples,-84.0,-9.0,75.0
2026-02-12,MDT,MEDTRONIC PUBLIC LIMITED COMPANY,Health Care,Health Care,-19.0,4.0,23.0
2026-02-12,MDY,SPDR S&P MIDCAP 400 ETF,,Sector & Style ETFs,28.0,-3.0,-31.0
2026-02-12,MET,"METLIFE, INC.",Financials,Financials,34.0,-32.0,-66.0
2026-02-12,META,"META PLATFORMS, INC.",Communication Services,Communication Services,0.0,-21.0,-21.0
2026-02-12,MGM,MGM RESORTS INTERNATIONAL,Consumer Discretionary,Consumer Discretionary,28.0,8.0,-20.0
2026-02-12,MKC,"MCCORMICK & COMPANY, INC.",Consumer Staples,Consumer Staples,3.0,-17.0,-20.0
2026-02-12,MLM,"MARTIN MARIETTA MATERIALS, INC.",Materials,Materials,-5.0,39.0,44.0
2026-02-12,MMM,3M COMPANY,Industrials,Industrials,-63.0,-28.0,35.0
2026-02-12,MNST,MONSTER BEVERAGE ,Consumer Staples,Consumer Staples,29.0,28.0,-1.0
2026-02-12,MO,"ALTRIA GROUP, INC.",Consumer Staples,Consumer Staples,-45.0,-31.0,14.0
2026-02-12,MOH,"MOLINA HEALTHCARE, INC.",Health Care,Health Care,53.0,0.0,-53.0
2026-02-12,MOS,THE MOSAIC COMPANY,Materials,Materials,-37.0,-10.0,27.0
2026-02-12,MP,MP MATERIALS CORP,,MR Discretion,-31.0,-8.0,23.0
2026-02-12,MPC,MARATHON PETROLEUM ,Energy,Energy,-33.0,-53.0,-20.0
2026-02-12,MPWR,"MONOLITHIC POWER SYSTEMS, INC.",Information Technology,Information Technology,44.0,11.0,-33.0
2026-02-12,MRK,"MERCK & CO., INC.",Health Care,Health Care,-18.0,-53.0,-35.0
2026-02-12,MRNA,"MODERNA, INC.",Health Care,Health Care,40.0,-7.0,-47.0
2026-02-12,MRSH,"MARSH & MCLENNAN COMPANIES, INC.",Financials,Financials,33.0,-24.0,-57.0
2026-02-12,MS,MORGAN STANLEY,Financials,Financials,-62.0,-38.0,24.0
2026-02-12,MSCI,MSCI INC.,Financials,Financials,71.0,25.0,-46.0
2026-02-12,MSFT,MICROSOFT ,Information Technology,Information Technology,74.0,48.0,-26.0
2026-02-12,MSI,"MOTOROLA SOLUTIONS, INC.",Information Technology,Information Technology,-28.0,-35.0,-7.0
2026-02-12,MTB,M&T BANK ,Financials,Financials,29.0,-16.0,-45.0
2026-02-12,MTCH,"MATCH GROUP, INC.",Communication Services,Communication Services,4.0,35.0,31.0
2026-02-12,MTD,METTLER-TOLEDO INTERNATIONAL INC.,Health Care,Health Care,-72.0,-10.0,62.0
2026-02-12,MTUM,ISHARES:MSCI USA MOM FCT,,Sector & Style ETFs,50.0,18.0,-32.0
2026-02-12,MU,"MICRON TECHNOLOGY, INC.",Information Technology,Information Technology,51.0,51.0,0.0
2026-02-12,MUB,ISHARES:NATL MUNI BOND,,Bonds,39.0,29.0,-10.0
2026-02-12,NCLH,NORWEGIAN CRUISE LINE HOLDINGS LTD.,Consumer Discretionary,Consumer Discretionary,80.0,20.0,-60.0
2026-02-12,NDAQ,"NASDAQ, INC.",Financials,Financials,43.0,0.0,-43.0
2026-02-12,NDSN,NORDSON ,Industrials,Industrials,-2.0,-33.0,-31.0
2026-02-12,NDX,NASDAQ 100 INDEX,,Indices,54.0,8.0,-46.0
2026-02-12,NEE,"NEXTERA ENERGY, INC.",Utilities,Utilities,-38.0,-8.0,30.0
2026-02-12,NEM,NEWMONT ,Materials,Materials,10.0,-8.0,-18.0
2026-02-12,NFLX,"NETFLIX, INC.",Communication Services,Communication Services,-65.0,-37.0,28.0
2026-02-12,NI,NISOURCE INC.,Utilities,Utilities,-19.0,13.0,32.0
2026-02-12,NKE,"NIKE, INC.",Consumer Discretionary,Consumer Discretionary,63.0,36.0,-27.0
2026-02-12,NOC,NORTHROP GRUMMAN ,Industrials,Industrials,72.0,37.0,-35.0
2026-02-12,NORW,GLBL X MSCI NORWAY ETF,,Foreign,-5.0,-32.0,-27.0
2026-02-12,NOV,NOV INC.,,MR Discretion,22.0,-5.0,-27.0
2026-02-12,NOW,"SERVICENOW, INC.",Information Technology,Information Technology,51.0,-12.0,-63.0
2026-02-12,NQ=F,NASDAQ 100 FUTURES,,Futures,43.0,39.0,-4.0
2026-02-12,NRG,"NRG ENERGY, INC.",Utilities,Utilities,-7.0,3.0,10.0
2026-02-12,NSC,NORFOLK SOUTHERN ,Industrials,Industrials,-90.0,-68.0,22.0
2026-02-12,NTAP,"NETAPP, INC.",Information Technology,Information Technology,-39.0,-22.0,17.0
2026-02-12,NTRS,NORTHERN TRUST ,Financials,Financials,-6.0,-16.0,-10.0
2026-02-12,NUE,NUCOR ,Materials,Materials,-25.0,-28.0,-3.0
2026-02-12,NVDA,NVIDIA ,Information Technology,Information Technology,66.0,20.0,-46.0
2026-02-12,NVR,"NVR, INC.",Consumer Discretionary,Consumer Discretionary,-47.0,-51.0,-4.0
2026-02-12,NWSA,NEWS CORP.,Communication Services,Communication Services,31.0,0.0,-31.0
2026-02-12,NXPI,NXP SEMICONDUCTORS NV,Information Technology,Information Technology,47.0,-11.0,-58.0
2026-02-12,O,REALTY INCOME ,Real Estate,Real Estate,-24.0,-8.0,16.0
2026-02-12,ODFL,"OLD DOMINION FREIGHT LINE, INC.",Industrials,Industrials,37.0,-6.0,-43.0
2026-02-12,OEF,ISHARES:S&P 100,,Sector & Style ETFs,12.0,23.0,11.0
2026-02-12,OKE,"ONEOK, INC.",Energy,Energy,-32.0,-60.0,-28.0
2026-02-12,OMC,OMNICOM GROUP INC.,Communication Services,Communication Services,91.0,0.0,-91.0
2026-02-12,ON,ON SEMICONDUCTOR ,Information Technology,Information Technology,47.0,1.0,-46.0
2026-02-12,ORCL,ORACLE ,Information Technology,Information Technology,22.0,33.0,11.0
2026-02-12,ORLY,"O'REILLY AUTOMOTIVE, INC.",Consumer Discretionary,Consumer Discretionary,-33.0,-9.0,24.0
2026-02-12,OTIS,OTIS WORLDWIDE ,Industrials,Industrials,-2.0,-28.0,-26.0
2026-02-12,OXY,OCCIDENTAL PETROLEUM ,Energy,Energy,-30.0,-24.0,6.0
2026-02-12,PAM,PAMPA ENERGIA SA,,MR Discretion,19.0,18.0,-1.0
2026-02-12,PANW,"PALO ALTO NETWORKS, INC.",Information Technology,Information Technology,-24.0,5.0,29.0
2026-02-12,PAYC,"PAYCOM SOFTWARE, INC.",Industrials,Industrials,-25.0,13.0,38.0
2026-02-12,PAYX,"PAYCHEX, INC.",Industrials,Industrials,-14.0,-28.0,-14.0
2026-02-12,PBR,BRAZILIAN PETROLEUM  - PETROBRAS,,MR Discretion,-104.0,-86.0,18.0
2026-02-12,PCAR,PACCAR INC,Industrials,Industrials,73.0,11.0,-62.0
2026-02-12,PCG,PG&E ,Utilities,Utilities,7.0,-27.0,-34.0
2026-02-12,PEG,PUBLIC SERVICE ENTERPRISE GROUP INC.,Utilities,Utilities,-14.0,-17.0,-3.0
2026-02-12,PEP,"PEPSICO, INC.",Consumer Staples,Consumer Staples,-96.0,-60.0,36.0
2026-02-12,PFE,PFIZER INC.,Health Care,Health Care,-53.0,-37.0,16.0
2026-02-12,PFF,ISHARES:PREF AND INC SEC,,Bonds,3.0,-17.0,-20.0
2026-02-12,PFG,"PRINCIPAL FINANCIAL GROUP, INC.",Financials,Financials,36.0,1.0,-35.0
2026-02-12,PG,THE PROCTER & GAMBLE COMPANY,Consumer Staples,Consumer Staples,-106.0,-80.0,26.0
2026-02-12,PGR,THE PROGRESSIVE ,Financials,Financials,-57.0,-55.0,2.0
2026-02-12,PH,PARKER-HANNIFIN ,Industrials,Industrials,7.0,-3.0,-10.0
2026-02-12,PHM,"PULTEGROUP, INC.",Consumer Discretionary,Consumer Discretionary,-59.0,-19.0,40.0
2026-02-12,PKG,PACKAGING  OF AMERICA,Materials,Materials,7.0,-43.0,-50.0
2026-02-12,PLD,"PROLOGIS, INC.",Real Estate,Real Estate,7.0,6.0,-1.0
2026-02-12,PLTR,PALANTIR TECHNOLOGIES INC.,Information Technology,Information Technology,-7.0,0.0,7.0
2026-02-12,PM,PHILIP MORRIS INTERNATIONAL INC.,Consumer Staples,Consumer Staples,30.0,10.0,-20.0
2026-02-12,PNC,"THE PNC FINANCIAL SERVICES GROUP, INC.",Financials,Financials,57.0,17.0,-40.0
2026-02-12,PNR,PENTAIR PUBLIC LIMITED COMPANY,Industrials,Industrials,32.0,27.0,-5.0
2026-02-12,PNW,PINNACLE WEST CAPITAL ,Utilities,Utilities,-6.0,16.0,22.0
2026-02-12,PODD,INSULET ,Health Care,Health Care,-8.0,29.0,37.0
2026-02-12,POOL,POOL ,Consumer Discretionary,Consumer Discretionary,-41.0,-19.0,22.0
2026-02-12,POWA,INVESCO BLOOMBERG PRICING POWER,,Sector & Style ETFs,-39.0,-3.0,36.0
2026-02-12,PPG,"PPG INDUSTRIES, INC.",Materials,Materials,-15.0,-51.0,-36.0
2026-02-12,PPL,PPL ,Utilities,Utilities,-7.0,-7.0,0.0
2026-02-12,PPLT,ABRDN:PHYSICAL PLATINUM,,Commodities,53.0,12.0,-41.0
2026-02-12,PRU,"PRUDENTIAL FINANCIAL, INC.",Financials,Financials,38.0,-7.0,-45.0
2026-02-12,PSA,PUBLIC STORAGE.,Real Estate,Real Estate,-44.0,-36.0,8.0
2026-02-12,PSKY,PARAMOUNT SKYDANCE ,Communication Services,Communication Services,-6.0,-3.0,3.0
2026-02-12,PSX,PHILLIPS 66,Energy,Energy,-50.0,-40.0,10.0
2026-02-12,PTC,PTC INC.,Information Technology,Information Technology,-8.0,-13.0,-5.0
2026-02-12,PWR,"QUANTA SERVICES, INC.",Industrials,Industrials,10.0,18.0,8.0
2026-02-12,PYPL,"PAYPAL HOLDINGS, INC.",Financials,Financials,11.0,0.0,-11.0
2026-02-12,Q,"QNITY ELECTRONICS, INC.",Information Technology,Information Technology,30.0,4.0,-26.0
2026-02-12,QAT,ISHARES:MSCI QATAR,,Foreign,-91.0,-59.0,32.0
2026-02-12,QCOM,QUALCOMM INC.,Information Technology,Information Technology,46.0,20.0,-26.0
2026-02-12,QQQ,INVESCO QQQ TRUST 1,,Sector & Style ETFs,86.0,48.0,-38.0
2026-02-12,QUAL,ISHARES:MSCI USA QF,,Sector & Style ETFs,6.0,-25.0,-31.0
2026-02-12,RCL,ROYAL CARIBBEAN CRUISES LTD.,Consumer Discretionary,Consumer Discretionary,18.0,-21.0,-39.0
2026-02-12,REG,REGENCY CENTERS ,Real Estate,Real Estate,-30.0,-35.0,-5.0
2026-02-12,REGN,"REGENERON PHARMACEUTICALS, INC.",Health Care,Health Care,-38.0,-41.0,-3.0
2026-02-12,RF,REGIONS FINANCIAL ,Financials,Financials,43.0,23.0,-20.0
2026-02-12,RIG,TRANSOCEAN LTD,,MR Discretion,-53.0,-2.0,51.0
2026-02-12,RJF,"RAYMOND JAMES FINANCIAL, INC.",Financials,Financials,-2.0,-10.0,-8.0
2026-02-12,RL,RALPH LAUREN ,Consumer Discretionary,Consumer Discretionary,-41.0,10.0,51.0
2026-02-12,RMD,RESMED INC.,Health Care,Health Care,-1.0,55.0,56.0
2026-02-12,ROK,"ROCKWELL AUTOMATION, INC.",Industrials,Industrials,-55.0,-36.0,19.0
2026-02-12,ROKU,"ROKU, INC.",,MR Discretion,50.0,-7.0,-57.0
2026-02-12,ROL,"ROLLINS, INC.",Industrials,Industrials,-15.0,21.0,36.0
2026-02-12,ROP,"ROPER TECHNOLOGIES, INC.",Information Technology,Information Technology,40.0,20.0,-20.0
2026-02-12,ROST,"ROSS STORES, INC.",Consumer Discretionary,Consumer Discretionary,-2.0,15.0,17.0
2026-02-12,RSG,"REPUBLIC SERVICES, INC.",Industrials,Industrials,-22.0,-27.0,-5.0
2026-02-12,RSP,INVESCO S&P500 EWGHT,,Sector & Style ETFs,28.0,-3.0,-31.0
2026-02-12,RTX,RTX ,Industrials,Industrials,123.0,84.0,-39.0
2026-02-12,RUT,RUSSELL 2000 INDEX,,Indices,40.0,37.0,-3.0
2026-02-12,RVTY,"REVVITY, INC.",Health Care,Health Care,-56.0,-12.0,44.0
2026-02-12,SBAC,SBA COMMUNICATIONS ,Real Estate,Real Estate,39.0,-10.0,-49.0
2026-02-12,SBLK,STAR BULK CARRIERS CORP.,,MR Discretion,-62.0,-24.0,38.0
2026-02-12,SBUX,STARBUCKS ,Consumer Discretionary,Consumer Discretionary,-18.0,-33.0,-15.0
2026-02-12,SCHP,SCHWAB STR:US TIPS,,Bonds,21.0,10.0,-11.0
2026-02-12,SCHW,THE CHARLES SCHWAB ,Financials,Financials,31.0,-14.0,-45.0
2026-02-12,SD,"SANDRIDGE ENERGY, INC.",,MR Discretion,-7.0,-30.0,-23.0
2026-02-12,SDY,SPDR S&P DIVIDEND,,Sector & Style ETFs,-36.0,-37.0,-1.0
2026-02-12,SHW,THE SHERWIN-WILLIAMS COMPANY,Materials,Materials,-63.0,-23.0,40.0
2026-02-12,SHY,ISHARES:1-3 TRS BD ETF,Bonds,Bonds,51.0,50.0,-1.0
2026-02-12,SILJ,ETFMG PRIME JR SILVR MNR,,Commodities,6.0,-8.0,-14.0
2026-02-12,SJM,THE J. M. SMUCKER COMPANY,Consumer Staples,Consumer Staples,-30.0,-50.0,-20.0
2026-02-12,SLB,SCHLUMBERGER N.V.,Energy,Energy,16.0,9.0,-7.0
2026-02-12,SLV,ISHARES:SILVER TRUST,,Commodities,17.0,21.0,4.0
2026-02-12,SM,SM ENERGY COMPANY,,MR Discretion,-62.0,-46.0,16.0
2026-02-12,SMCI,"SUPER MICRO COMPUTER, INC.",Information Technology,Information Technology,-30.0,-49.0,-19.0
2026-02-12,SMH,VANECK:SEMICONDUCTOR,,Sector & Style ETFs,105.0,89.0,-16.0
2026-02-12,SNA,SNAP-ON INC.,Industrials,Industrials,32.0,-3.0,-35.0
2026-02-12,SNDK,SANDISK CORPORATION,Information Technology,Information Technology,9.0,-9.0,-18.0
2026-02-12,SNPS,"SYNOPSYS, INC.",Information Technology,Information Technology,71.0,25.0,-46.0
2026-02-12,SO,THE SOUTHERN COMPANY,Utilities,Utilities,-17.0,-17.0,0.0
2026-02-12,SOLV,SOLVENTUM ,Health Care,Health Care,31.0,48.0,17.0
2026-02-12,SOYB,TEUCRIUM:SOYBEAN,,Commodities,-72.0,-45.0,27.0
2026-02-12,SPG,"SIMON PROPERTY GROUP, INC.",Real Estate,Real Estate,46.0,20.0,-26.0
2026-02-12,SPGI,S&P GLOBAL INC.,Financials,Financials,35.0,0.0,-35.0
2026-02-12,SPHB,INVESCO S&P500 HI BE,,Sector & Style ETFs,90.0,38.0,-52.0
2026-02-12,SPLV,INVESCO S&P500 LOWVL,,Sector & Style ETFs,-8.0,-9.0,-1.0
2026-02-12,SPX,S&P 500 INDEX,,Indices,46.0,28.0,-18.0
2026-02-12,SPY,SPDR S&P 500 ETF,,Sector & Style ETFs,43.0,47.0,4.0
2026-02-12,SRE,SEMPRA,Utilities,Utilities,-49.0,-2.0,47.0
2026-02-12,STE,STERIS PUBLIC LIMITED COMPANY,Health Care,Health Care,-3.0,54.0,57.0
2026-02-12,STIP,ISHARES:0-5 TIPS BD ETF,Bonds,Bonds,-21.0,15.0,36.0
2026-02-12,STLA,STELLANTIS NV,,MR Discretion,31.0,0.0,-31.0
2026-02-12,STLD,"STEEL DYNAMICS, INC.",Materials,Materials,-33.0,-34.0,-1.0
2026-02-12,STNG,SCORPIO TANKERS INC.,,MR Discretion,-51.0,-7.0,44.0
2026-02-12,STT,STATE STREET ,Financials,Financials,48.0,-8.0,-56.0
2026-02-12,STX,SEAGATE TECHNOLOGY HOLDINGS,Information Technology,Information Technology,20.0,18.0,-2.0
2026-02-12,STZ,"CONSTELLATION BRANDS, INC.",Consumer Staples,Consumer Staples,-22.0,-46.0,-24.0
2026-02-12,SW,SMURFIT WESTROCK PUBLIC LIMITED COMPANY,Materials,Materials,-17.0,-43.0,-26.0
2026-02-12,SWK,"STANLEY BLACK & DECKER, INC.",Industrials,Industrials,-8.0,-28.0,-20.0
2026-02-12,SWKS,"SKYWORKS SOLUTIONS, INC.",Information Technology,Information Technology,-58.0,-70.0,-12.0
2026-02-12,SYF,SYNCHRONY FINANCIAL,Financials,Financials,22.0,9.0,-13.0
2026-02-12,SYK,STRYKER ,Health Care,Health Care,-104.0,-46.0,58.0
2026-02-12,SYY,SYSCO ,Consumer Staples,Consumer Staples,-53.0,-27.0,26.0
2026-02-12,T,AT&T INC.,Communication Services,Communication Services,-65.0,-43.0,22.0
2026-02-12,TAGS,TEUCRIUM:AGRICULTURAL,,Commodities,-42.0,-43.0,-1.0
2026-02-12,TAP,MOLSON COORS BEVERAGE COMPANY,Consumer Staples,Consumer Staples,-17.0,-20.0,-3.0
2026-02-12,TDG,TRANSDIGM GROUP INC.,Industrials,Industrials,-13.0,0.0,13.0
2026-02-12,TDW,TIDEWATER INC.,,MR Discretion,-62.0,-33.0,29.0
2026-02-12,TDY,TELEDYNE TECHNOLOGIES INC.,Information Technology,Information Technology,5.0,10.0,5.0
2026-02-12,TECH,BIO-TECHNE ,Health Care,Health Care,-5.0,35.0,40.0
2026-02-12,TECK,TECK RESOURCES LIMITED,,MR Discretion,89.0,28.0,-61.0
2026-02-12,TEL,TE CONNECTIVITY LTD,Information Technology,Information Technology,30.0,38.0,8.0
2026-02-12,TER,"TERADYNE, INC.",Information Technology,Information Technology,14.0,18.0,4.0
2026-02-12,TFC,TRUIST FINANCIAL ,Financials,Financials,101.0,35.0,-66.0
2026-02-12,TGT,TARGET ,Consumer Staples,Consumer Staples,68.0,15.0,-53.0
2026-02-12,THD,ISHARES:MSCI THAI,,Foreign,-56.0,-37.0,19.0
2026-02-12,TIP,ISHARES:TIPS BD ETF,Bonds,Bonds,-43.0,3.0,46.0
2026-02-12,TJX,"THE TJX COMPANIES, INC.",Consumer Discretionary,Consumer Discretionary,58.0,44.0,-14.0
2026-02-12,TKO,"TKO GROUP HOLDINGS, INC.",Communication Services,Communication Services,50.0,59.0,9.0
2026-02-12,TLT,ISHARES:20+ TRS BD ETF,Bonds,Bonds,-45.0,6.0,51.0
2026-02-12,TMO,THERMO FISHER SCIENTIFIC INC.,Health Care,Health Care,-35.0,-13.0,22.0
2026-02-12,TMUS,"T-MOBILE US, INC.",Communication Services,Communication Services,-15.0,-20.0,-5.0
2026-02-12,TNX,10 Y TSY YLD NDX,Yields,Yields,45.0,-3.0,-48.0
2026-02-12,TPL,TEXAS PACIFIC LAND ,Energy,Energy,-11.0,-26.0,-15.0
2026-02-12,TPR,"TAPESTRY, INC.",Consumer Discretionary,Consumer Discretionary,30.0,10.0,-20.0
2026-02-12,TRGP,TARGA RESOURCES CORP.,Energy,Energy,8.0,-43.0,-51.0
2026-02-12,TRMB,TRIMBLE INC.,Information Technology,Information Technology,-13.0,-7.0,6.0
2026-02-12,TROW,"T. ROWE PRICE GROUP, INC.",Financials,Financials,21.0,37.0,16.0
2026-02-12,TRV,"THE TRAVELERS COMPANIES, INC.",Financials,Financials,-51.0,-56.0,-5.0
2026-02-12,TS,TENARIS SA,,MR Discretion,-27.0,-6.0,21.0
2026-02-12,TSCO,TRACTOR SUPPLY COMPANY,Consumer Discretionary,Consumer Discretionary,-134.0,-58.0,76.0
2026-02-12,TSLA,"TESLA, INC.",Consumer Discretionary,Consumer Discretionary,62.0,57.0,-5.0
2026-02-12,TSN,"TYSON FOODS, INC.",Consumer Staples,Consumer Staples,6.0,3.0,-3.0
2026-02-12,TT,TRANE TECHNOLOGIES PLC,Industrials,Industrials,-80.0,-35.0,45.0
2026-02-12,TTD,"THE TRADE DESK, INC.",Communication Services,Communication Services,-8.0,-23.0,-15.0
2026-02-12,TTWO,"TAKE-TWO INTERACTIVE SOFTWARE, INC.",Communication Services,Communication Services,20.0,0.0,-20.0
2026-02-12,TUR,ISHARES:MSCI TURKEY,,Foreign,8.0,-2.0,-10.0
2026-02-12,TXN,TEXAS INSTRUMENTS INC.,Information Technology,Information Technology,0.0,-31.0,-31.0
2026-02-12,TXT,TEXTRON INC.,Industrials,Industrials,43.0,-11.0,-54.0
2026-02-12,TYL,"TYLER TECHNOLOGIES, INC.",Information Technology,Information Technology,11.0,-6.0,-17.0
2026-02-12,TYX,30 Y TSY YLD NDX,Yields,Yields,33.0,-15.0,-48.0
2026-02-12,UAL,"UNITED AIRLINES HOLDINGS, INC.",Industrials,Industrials,39.0,26.0,-13.0
2026-02-12,UBER,"UBER TECHNOLOGIES, INC.",Industrials,Industrials,-82.0,-35.0,47.0
2026-02-12,UDR,"UDR, INC.",Real Estate,Real Estate,9.0,-10.0,-19.0
2026-02-12,UHS,"UNIVERSAL HEALTH SERVICES, INC.",Health Care,Health Care,1.0,-17.0,-18.0
2026-02-12,ULTA,"ULTA BEAUTY, INC.",Consumer Discretionary,Consumer Discretionary,127.0,69.0,-58.0
2026-02-12,UNG,UNITED STATES NAT GAS,Energy Complex,Commodities,-38.0,-1.0,37.0
2026-02-12,UNH,UNITEDHEALTH GROUP INC.,Health Care,Health Care,28.0,8.0,-20.0
2026-02-12,UNP,UNION PACIFIC ,Industrials,Industrials,-40.0,-60.0,-20.0
2026-02-12,UPS,"UNITED PARCEL SERVICE, INC.",Industrials,Industrials,9.0,-32.0,-41.0
2026-02-12,URA,GLBL X URANIUM ETF,,Commodities,56.0,37.0,-19.0
2026-02-12,URI,"UNITED RENTALS, INC.",Industrials,Industrials,13.0,8.0,-5.0
2026-02-12,URNM,SPROTT URANIUM MINERS,,MR Discretion,-3.0,42.0,45.0
2026-02-12,USB,U.S. BANCORP,Financials,Financials,63.0,40.0,-23.0
2026-02-12,USO,UNITED STATES OIL FUND,Energy Complex,Commodities,0.0,20.0,20.0
2026-02-12,UUP,INVESCO DB USD IDX BL,,Currencies,-1.0,-1.0,0.0
2026-02-12,V,VISA INC.,Financials,Financials,71.0,-3.0,-74.0
2026-02-12,VAL,VALARIS LIMITED,,MR Discretion,-39.0,-12.0,27.0
2026-02-12,VICI,VICI PROPERTIES INC.,Real Estate,Real Estate,28.0,6.0,-22.0
2026-02-12,VIX,CBOE MKT VOLATILITY IDX,,Volatility,-14.0,-14.0,0.0
2026-02-12,VLO,VALERO ENERGY ,Energy,Energy,-54.0,-27.0,27.0
2026-02-12,VLTO,VERALTO ,Industrials,Industrials,56.0,35.0,-21.0
2026-02-12,VMC,VULCAN MATERIALS COMPANY,Materials,Materials,-81.0,-67.0,14.0
2026-02-12,VNM,VANECK:VIETNAM,,Foreign,33.0,61.0,28.0
2026-02-12,VRSK,"VERISK ANALYTICS, INC.",Industrials,Industrials,10.0,0.0,-10.0
2026-02-12,VRSN,"VERISIGN, INC.",Information Technology,Information Technology,-28.0,0.0,28.0
2026-02-12,VRTX,VERTEX PHARMACEUTICALS INC.,Health Care,Health Care,28.0,-26.0,-54.0
2026-02-12,VST,VISTRA CORP.,Utilities,Utilities,-24.0,-31.0,-7.0
2026-02-12,VTR,"VENTAS, INC.",Real Estate,Real Estate,-14.0,-23.0,-9.0
2026-02-12,VTRS,VIATRIS INC.,Health Care,Health Care,23.0,-14.0,-37.0
2026-02-12,VXN,CBOE NASDAQ MKT VOL NDX,,Volatility,-66.0,-35.0,31.0
2026-02-12,VZ,VERIZON COMMUNICATIONS INC.,Communication Services,Communication Services,-29.0,-17.0,12.0
2026-02-12,WAB,WESTINGHOUSE AIR BRAKE TECHNOLOGIES ,Industrials,Industrials,27.0,-20.0,-47.0
2026-02-12,WAT,WATERS ,Health Care,Health Care,-37.0,-29.0,8.0
2026-02-12,WBD,"WARNER BROS. DISCOVERY, INC.",Communication Services,Communication Services,87.0,52.0,-35.0
2026-02-12,WDAY,"WORKDAY, INC.",Information Technology,Information Technology,7.0,-28.0,-35.0
2026-02-12,WDC,WESTERN DIGITAL ,Information Technology,Information Technology,44.0,42.0,-2.0
2026-02-12,WEAT,TEUCRIUM:WHEAT,,Commodities,-29.0,-2.0,27.0
2026-02-12,WEC,"WEC ENERGY GROUP, INC.",Utilities,Utilities,-39.0,3.0,42.0
2026-02-12,WELL,WELLTOWER INC.,Real Estate,Real Estate,-33.0,-21.0,12.0
2026-02-12,WFC,WELLS FARGO & COMPANY,Financials,Financials,79.0,62.0,-17.0
2026-02-12,WM,"WASTE MANAGEMENT, INC.",Industrials,Industrials,-38.0,-57.0,-19.0
2026-02-12,WMB,"THE WILLIAMS COMPANIES, INC.",Energy,Energy,-30.0,-26.0,4.0
2026-02-12,WMT,WALMART INC.,Consumer Staples,Consumer Staples,-25.0,1.0,26.0
2026-02-12,WRB,W. R. BERKLEY ,Financials,Financials,-45.0,-19.0,26.0
2026-02-12,WSM,"WILLIAMS-SONOMA, INC.",Consumer Discretionary,Consumer Discretionary,27.0,2.0,-25.0
2026-02-12,WST,"WEST PHARMACEUTICAL SERVICES, INC.",Health Care,Health Care,47.0,21.0,-26.0
2026-02-12,WTW,WILLIS TOWERS WATSON,Financials,Financials,32.0,-0.0,-32.0
2026-02-12,WY,WEYERHAEUSER COMPANY,Real Estate,Real Estate,40.0,-3.0,-43.0
2026-02-12,WYNN,"WYNN RESORTS, LIMITED",Consumer Discretionary,Consumer Discretionary,-10.0,13.0,23.0
2026-02-12,XEL,XCEL ENERGY INC.,Utilities,Utilities,-20.0,4.0,24.0
2026-02-12,XES,SPDR S&P OIL&GAS E&S,,MR Discretion,-27.0,-16.0,11.0
2026-02-12,XLB,SEL SECTOR:MATRLS SPDR,,Sector & Style ETFs,-13.0,1.0,14.0
2026-02-12,XLC,SEL SECTOR:COMM SVC SPDR,,Sector & Style ETFs,66.0,56.0,-10.0
2026-02-12,XLE,SEL SECTOR:ENERGY SPDR,,Sector & Style ETFs,-78.0,-23.0,55.0
2026-02-12,XLF,SEL SECTOR:FINL S SPDR,,Sector & Style ETFs,-2.0,-26.0,-24.0
2026-02-12,XLI,SEL SECTOR:INDUST SPDR,,Sector & Style ETFs,15.0,5.0,-10.0
2026-02-12,XLK,SEL SECTOR:TECH SPDR,,Sector & Style ETFs,63.0,47.0,-16.0
2026-02-12,XLP,SEL SECTOR:C STP SPDR,,Sector & Style ETFs,-58.0,-22.0,36.0
2026-02-12,XLRE,SEL SECTOR:RL EST SPDR,,Sector & Style ETFs,-15.0,-11.0,4.0
2026-02-12,XLU,SEL SECTOR:UTIL SPDR,,Sector & Style ETFs,-53.0,-20.0,33.0
2026-02-12,XLV,SEL SECTOR:H CARE SPDR,,Sector & Style ETFs,6.0,23.0,17.0
2026-02-12,XLY,SEL SECTOR:C DSC SPDR,,Sector & Style ETFs,73.0,47.0,-26.0
2026-02-12,XOM,EXXON MOBIL ,Energy,Energy,14.0,-6.0,-20.0
2026-02-12,XOP,SPDR S&P OIL&GAS EXP,,MR Discretion,-66.0,-58.0,8.0
2026-02-12,XYL,XYLEM INC.,Industrials,Industrials,-41.0,-1.0,40.0
2026-02-12,XYZ,"BLOCK, INC.",Financials,Financials,29.0,11.0,-18.0
2026-02-12,YUM,"YUM! BRANDS, INC.",Consumer Discretionary,Consumer Discretionary,13.0,-3.0,-16.0
2026-02-12,ZBH,"ZIMMER BIOMET HOLDINGS, INC.",Health Care,Health Care,-66.0,-9.0,57.0
2026-02-12,ZBRA,ZEBRA TECHNOLOGIES ,Information Technology,Information Technology,-14.0,-20.0,-6.0
2026-02-12,ZTS,ZOETIS INC.,Health Care,Health Care,-22.0,-24.0,-2.0
