Date,Ticker,Ticker_name,Exposure,Category,model_score_mtd_change,current_model_score,previous_model_score
2026-02-18,A,"AGILENT TECHNOLOGIES, INC.",Health Care,Health Care,56.0,63.0,7.0
2026-02-18,AAPL,APPLE INC.,Information Technology,Information Technology,-38.0,10.0,48.0
2026-02-18,ABBV,ABBVIE INC.,Health Care,Health Care,-89.0,-62.0,27.0
2026-02-18,ABNB,"AIRBNB, INC.",Consumer Discretionary,Consumer Discretionary,-28.0,-5.0,23.0
2026-02-18,ABT,ABBOTT LABORATORIES,Health Care,Health Care,-13.0,-13.0,0.0
2026-02-18,ACGL,ARCH CAPITAL GROUP LTD.,Financials,Financials,-74.0,-41.0,33.0
2026-02-18,ACN,ACCENTURE PUBLIC LIMITED COMPANY,Information Technology,Information Technology,13.0,0.0,-13.0
2026-02-18,ADBE,ADOBE INC.,Information Technology,Information Technology,20.0,-6.0,-26.0
2026-02-18,ADI,"ANALOG DEVICES, INC.",Information Technology,Information Technology,-3.0,-17.0,-14.0
2026-02-18,ADM,ARCHER-DANIELS-MIDLAND COMPANY.,Consumer Staples,Consumer Staples,44.0,19.0,-25.0
2026-02-18,ADP,"AUTOMATIC DATA PROCESSING, INC.",Industrials,Industrials,-67.0,0.0,67.0
2026-02-18,ADSK,"AUTODESK, INC.",Information Technology,Information Technology,50.0,56.0,6.0
2026-02-18,AEE,AMEREN ,Utilities,Utilities,23.0,17.0,-6.0
2026-02-18,AEP,"AMERICAN ELECTRIC POWER COMPANY, INC.",Utilities,Utilities,19.0,-5.0,-24.0
2026-02-18,AES,THE AES ,Utilities,Utilities,-79.0,-37.0,42.0
2026-02-18,AFL,AFLAC INC.,Financials,Financials,-12.0,-21.0,-9.0
2026-02-18,AIG,"AMERICAN INTERNATIONAL GROUP, INC.",Financials,Financials,-70.0,-43.0,27.0
2026-02-18,AIZ,"ASSURANT, INC.",Financials,Financials,-8.0,0.0,8.0
2026-02-18,AJG,ARTHUR J. GALLAGHER & CO.,Financials,Financials,-11.0,0.0,11.0
2026-02-18,AKAM,"AKAMAI TECHNOLOGIES, INC.",Information Technology,Information Technology,8.0,-35.0,-43.0
2026-02-18,ALB,ALBEMARLE ,Materials,Materials,3.0,1.0,-2.0
2026-02-18,ALGN,"ALIGN TECHNOLOGY, INC.",Health Care,Health Care,-31.0,-24.0,7.0
2026-02-18,ALL,THE ALLSTATE ,Financials,Financials,-17.0,-17.0,0.0
2026-02-18,ALLE,ALLEGION PUBLIC LIMITED COMPANY,Industrials,Industrials,46.0,15.0,-31.0
2026-02-18,AMAT,"APPLIED MATERIALS, INC.",Information Technology,Information Technology,36.0,-17.0,-53.0
2026-02-18,AMCR,AMCOR PLC,Materials,Materials,-40.0,-77.0,-37.0
2026-02-18,AMD,"ADVANCED MICRO DEVICES, INC.",Information Technology,Information Technology,20.0,55.0,35.0
2026-02-18,AME,"AMETEK, INC.",Industrials,Industrials,54.0,-2.0,-56.0
2026-02-18,AMGN,AMGEN INC.,Health Care,Health Care,-21.0,-32.0,-11.0
2026-02-18,AMP,"AMERIPRISE FINANCIAL, INC.",Financials,Financials,58.0,26.0,-32.0
2026-02-18,AMT,AMERICAN TOWER ,Real Estate,Real Estate,-69.0,-63.0,6.0
2026-02-18,AMZN,"AMAZON.COM, INC.",Consumer Discretionary,Consumer Discretionary,39.0,0.0,-39.0
2026-02-18,ANET,"ARISTA NETWORKS, INC.",Information Technology,Information Technology,-4.0,16.0,20.0
2026-02-18,AON,AON PLC,Financials,Financials,11.0,0.0,-11.0
2026-02-18,AOS,A. O. SMITH ,Industrials,Industrials,5.0,-27.0,-32.0
2026-02-18,APA,APA ,Energy,Energy,11.0,-20.0,-31.0
2026-02-18,APD,"AIR PRODUCTS AND CHEMICALS, INC.",Materials,Materials,27.0,-0.0,-27.0
2026-02-18,APH,AMPHENOL ,Information Technology,Information Technology,31.0,42.0,11.0
2026-02-18,APO,"APOLLO GLOBAL MANAGEMENT, INC.",Financials,Financials,-12.0,35.0,47.0
2026-02-18,APP,APPLOVIN CORP,Information Technology,Information Technology,13.0,0.0,-13.0
2026-02-18,APTV,APTIV PLC,Consumer Discretionary,Consumer Discretionary,0.0,1.0,1.0
2026-02-18,ARE,"ALEXANDRIA REAL ESTATE EQUITIES, INC.",Real Estate,Real Estate,57.0,-11.0,-68.0
2026-02-18,ARES,ARES MANAGEMENT CORP,Financials,Financials,52.0,69.0,17.0
2026-02-18,ASC,ARDMORE SHIPPING ,,MR Discretion,-25.0,-27.0,-2.0
2026-02-18,ATO,ATMOS ENERGY ,Utilities,Utilities,-86.0,-32.0,54.0
2026-02-18,AVB,"AVALONBAY COMMUNITIES, INC.",Real Estate,Real Estate,-11.0,-43.0,-32.0
2026-02-18,AVGO,BROADCOM INC.,Information Technology,Information Technology,-27.0,13.0,40.0
2026-02-18,AVY,AVERY DENNISON ,Materials,Materials,-23.0,-35.0,-12.0
2026-02-18,AWK,"AMERICAN WATER WORKS COMPANY, INC.",Utilities,Utilities,-58.0,-23.0,35.0
2026-02-18,AXON,"AXON ENTERPRISE, INC.",Industrials,Industrials,-23.0,0.0,23.0
2026-02-18,AXP,AMERICAN EXPRESS COMPANY,Financials,Financials,39.0,29.0,-10.0
2026-02-18,AZO,"AUTOZONE, INC.",Consumer Discretionary,Consumer Discretionary,16.0,-24.0,-40.0
2026-02-18,BA,THE BOEING COMPANY,Industrials,Industrials,88.0,51.0,-37.0
2026-02-18,BAC,BANK OF AMERICA ,Financials,Financials,8.0,35.0,27.0
2026-02-18,BALL,BALL ,Materials,Materials,-17.0,-43.0,-26.0
2026-02-18,BAX,BAXTER INTERNATIONAL INC.,Health Care,Health Care,-20.0,-32.0,-12.0
2026-02-18,BBY,"BEST BUY CO., INC.",Consumer Discretionary,Consumer Discretionary,22.0,14.0,-8.0
2026-02-18,BDX,"BECTON, DICKINSON AND COMPANY",Health Care,Health Care,16.0,0.0,-16.0
2026-02-18,BEN,"FRANKLIN RESOURCES, INC.",Financials,Financials,55.0,-24.0,-79.0
2026-02-18,BF.B,BROWN-FORMAN ,Consumer Staples,Consumer Staples,-63.0,-66.0,-3.0
2026-02-18,BG,BUNGE LIMITED,Consumer Staples,Consumer Staples,33.0,3.0,-30.0
2026-02-18,BIIB,BIOGEN INC.,Health Care,Health Care,-85.0,-73.0,12.0
2026-02-18,BK,THE BANK OF NEW YORK MELLON ,Financials,Financials,-8.0,0.0,8.0
2026-02-18,BKNG,BOOKING HOLDINGS INC.,Consumer Discretionary,Consumer Discretionary,-20.0,0.0,20.0
2026-02-18,BKR,BAKER HUGHES COMPANY,Energy,Energy,34.0,-17.0,-51.0
2026-02-18,BLDR,"BUILDERS FIRSTSOURCE, INC.",Industrials,Industrials,91.0,12.0,-79.0
2026-02-18,BLK,"BLACKROCK, INC.",Financials,Financials,73.0,62.0,-11.0
2026-02-18,BMY,BRISTOL-MYERS SQUIBB COMPANY,Health Care,Health Care,-36.0,-11.0,25.0
2026-02-18,BR,"BROADRIDGE FINANCIAL SOLUTIONS, INC.",Industrials,Industrials,0.0,-0.0,-0.0
2026-02-18,BRK.B,"BERKSHIRE HATHAWAY INC.,",Financials,Financials,-42.0,-23.0,19.0
2026-02-18,BRO,"BROWN & BROWN, INC.",Financials,Financials,0.0,-5.0,-5.0
2026-02-18,BSX,BOSTON SCIENTIFIC ,Health Care,Health Care,18.0,0.0,-18.0
2026-02-18,BTC=F,BITCOIN FUTURES,,Futures,24.0,0.0,-24.0
2026-02-18,BTI,BRITISH AMERICAN TOBACCO P.L.C.,,MR Discretion,37.0,20.0,-17.0
2026-02-18,BTU,PEABODY ENERGY ,,MR Discretion,25.0,54.0,29.0
2026-02-18,BX,BLACKSTONE INC,Financials,Financials,49.0,24.0,-25.0
2026-02-18,BXP,"BOSTON PROPERTIES, INC.",Real Estate,Real Estate,15.0,27.0,12.0
2026-02-18,C,CITIGROUP INC.,Financials,Financials,-8.0,23.0,31.0
2026-02-18,CAG,"CONAGRA BRANDS, INC.",Consumer Staples,Consumer Staples,-48.0,-65.0,-17.0
2026-02-18,CAH,"CARDINAL HEALTH, INC.",Health Care,Health Care,-36.0,-26.0,10.0
2026-02-18,CALM,"CAL-MAINE FOODS, INC.",,MR Discretion,8.0,-18.0,-26.0
2026-02-18,CANE,TEUCRIUM:SUGAR,,Commodities,-27.0,20.0,47.0
2026-02-18,CARR,CARRIER GLOBAL ,Industrials,Industrials,-35.0,-70.0,-35.0
2026-02-18,CAT,CATERPILLAR INC.,Industrials,Industrials,0.0,1.0,1.0
2026-02-18,CB,CHUBB LTD,Financials,Financials,-57.0,-60.0,-3.0
2026-02-18,CBOE,"CBOE GLOBAL MARKETS, INC.",Financials,Financials,5.0,-44.0,-49.0
2026-02-18,CBRE,"CBRE GROUP, INC.",Real Estate,Real Estate,5.0,0.0,-5.0
2026-02-18,CCI,CROWN CASTLE INC.,Real Estate,Real Estate,-24.0,14.0,38.0
2026-02-18,CCJ,CAMECO ,,MR Discretion,92.0,26.0,-66.0
2026-02-18,CCL,CARNIVAL CORP,Consumer Discretionary,Consumer Discretionary,-69.0,-31.0,38.0
2026-02-18,CDNS,"CADENCE DESIGN SYSTEMS, INC.",Information Technology,Information Technology,-43.0,-18.0,25.0
2026-02-18,CDW,CDW ,Information Technology,Information Technology,6.0,10.0,4.0
2026-02-18,CEG,CONSTELLATION ENERGY,Utilities,Utilities,-19.0,-5.0,14.0
2026-02-18,CF,"CF INDUSTRIES HOLDINGS, INC.",Materials,Materials,25.0,5.0,-20.0
2026-02-18,CFG,"CITIZENS FINANCIAL GROUP, INC.",Financials,Financials,8.0,11.0,3.0
2026-02-18,CHD,"CHURCH & DWIGHT CO., INC.",Consumer Staples,Consumer Staples,-18.0,-20.0,-2.0
2026-02-18,CHRW,"C.H. ROBINSON WORLDWIDE, INC.",Industrials,Industrials,45.0,19.0,-26.0
2026-02-18,CHTR,"CHARTER COMMUNICATIONS, INC.",Communication Services,Communication Services,-17.0,-27.0,-10.0
2026-02-18,CI,THE CIGNA GROUP,Health Care,Health Care,-35.0,-33.0,2.0
2026-02-18,CIEN,CIENA CORPORATION,Information Technology,Information Technology,-26.0,9.0,35.0
2026-02-18,CINF,CINCINNATI FINANCIAL ,Financials,Financials,7.0,55.0,48.0
2026-02-18,CL,COLGATE-PALMOLIVE COMPANY,Consumer Staples,Consumer Staples,-10.0,-60.0,-50.0
2026-02-18,CLX,THE CLOROX COMPANY,Consumer Staples,Consumer Staples,-14.0,-60.0,-46.0
2026-02-18,CMBT,CMB.TECH NV,,MR Discretion,-7.0,-37.0,-30.0
2026-02-18,CMCSA,COMCAST ,Communication Services,Communication Services,-6.0,-43.0,-37.0
2026-02-18,CME,CME GROUP INC.,Financials,Financials,-33.0,-56.0,-23.0
2026-02-18,CMG,"CHIPOTLE MEXICAN GRILL, INC.",Consumer Discretionary,Consumer Discretionary,-21.0,-44.0,-23.0
2026-02-18,CMI,CUMMINS INC.,Industrials,Industrials,120.0,62.0,-58.0
2026-02-18,CMRE,COSTAMARE INC.,,MR Discretion,38.0,5.0,-33.0
2026-02-18,CMS,CMS ENERGY ,Utilities,Utilities,-14.0,-14.0,0.0
2026-02-18,CNC,CENTENE ,Health Care,Health Care,13.0,-11.0,-24.0
2026-02-18,CNP,"CENTERPOINT ENERGY, INC.",Utilities,Utilities,-4.0,-16.0,-12.0
2026-02-18,CNR,"CORE NATURAL RESOURCES, INC.",,MR Discretion,93.0,65.0,-28.0
2026-02-18,COF,CAPITAL ONE FINANCIAL ,Financials,Financials,47.0,47.0,-0.0
2026-02-18,COIN,"COINBASE GLOBAL, INC.",Financials,Financials,-1.0,-12.0,-11.0
2026-02-18,COMT,ISHARES:GSCI COMM DYN RS,,Commodities,63.0,20.0,-43.0
2026-02-18,COO,"THE COOPER COMPANIES, INC.",Health Care,Health Care,-44.0,-49.0,-5.0
2026-02-18,COP,CONOCOPHILLIPS,Energy,Energy,-11.0,-37.0,-26.0
2026-02-18,COR,"CENCORA, INC.",Health Care,Health Care,21.0,14.0,-7.0
2026-02-18,CORN,TEUCRIUM:CORN,,Commodities,10.0,1.0,-9.0
2026-02-18,COST,COSTCO WHOLESALE ,Consumer Staples,Consumer Staples,21.0,-12.0,-33.0
2026-02-18,CPAY,"FLEETCOR TECHNOLOGIES, INC.",Financials,Financials,-48.0,-68.0,-20.0
2026-02-18,CPB,CAMPBELL SOUP COMPANY,Consumer Staples,Consumer Staples,-31.0,-51.0,-20.0
2026-02-18,CPER,UNITED STATES COPPER IDX,,Commodities,-71.0,-8.0,63.0
2026-02-18,CPRT,"COPART, INC.",Industrials,Industrials,31.0,3.0,-28.0
2026-02-18,CPT,CAMDEN PROPERTY TRUST,Real Estate,Real Estate,31.0,22.0,-9.0
2026-02-18,CRESY,CRESUD INC.,,MR Discretion,118.0,69.0,-49.0
2026-02-18,CRH,CRH PUBLIC LIMITED COMPANY,Materials,Materials,-59.0,-25.0,34.0
2026-02-18,CRL,CHARLES RIVER LABORATORIES,Health Care,Health Care,49.0,25.0,-24.0
2026-02-18,CRM,"SALESFORCE, INC.",Information Technology,Information Technology,82.0,56.0,-26.0
2026-02-18,CRWD,"CROWDSTRIKE HOLDINGS, INC.",Information Technology,Information Technology,12.0,3.0,-9.0
2026-02-18,CSCO,"CISCO SYSTEMS, INC.",Information Technology,Information Technology,20.0,37.0,17.0
2026-02-18,CSGP,"COSTAR GROUP, INC.",Real Estate,Real Estate,-38.0,-0.0,38.0
2026-02-18,CSX,CSX ,Industrials,Industrials,-8.0,-35.0,-27.0
2026-02-18,CTAS,CINTAS ,Industrials,Industrials,2.0,-19.0,-21.0
2026-02-18,CTRA,COTERRA ENERGY INC.,Energy,Energy,6.0,-2.0,-8.0
2026-02-18,CTSH,COGNIZANT TECHNOLOGY SOLUTIONS ,Information Technology,Information Technology,-13.0,0.0,13.0
2026-02-18,CTVA,"CORTEVA, INC.",Materials,Materials,-28.0,-33.0,-5.0
2026-02-18,CVNA,CARVANA CO.,Consumer Discretionary,Consumer Discretionary,-15.0,-0.0,15.0
2026-02-18,CVS,CVS HEALTH ,Health Care,Health Care,16.0,39.0,23.0
2026-02-18,CVX,CHEVRON ,Energy,Energy,29.0,-8.0,-37.0
2026-02-18,D,"DOMINION ENERGY, INC.",Utilities,Utilities,-44.0,-14.0,30.0
2026-02-18,DAL,"DELTA AIR LINES, INC.",Industrials,Industrials,11.0,27.0,16.0
2026-02-18,DASH,"DOORDASH, INC.",Consumer Discretionary,Consumer Discretionary,-12.0,0.0,12.0
2026-02-18,DBA,INVESCO DB MS AGRI,,Commodities,-22.0,-35.0,-13.0
2026-02-18,DBB,INVESCO DB MS BMTL,,Commodities,19.0,70.0,51.0
2026-02-18,DBC,INVESCO DB CM IDX,,Commodities,47.0,31.0,-16.0
2026-02-18,DD,"DUPONT DE NEMOURS, INC.",Materials,Materials,-9.0,-46.0,-37.0
2026-02-18,DDOG,"DATADOG, INC.",Information Technology,Information Technology,-30.0,8.0,38.0
2026-02-18,DE,DEERE & COMPANY,Industrials,Industrials,23.0,-37.0,-60.0
2026-02-18,DECK,DECKERS OUTDOOR ,Consumer Discretionary,Consumer Discretionary,0.0,-36.0,-36.0
2026-02-18,DELL,DELL TECHNOLOGIES INC.,Information Technology,Information Technology,-11.0,3.0,14.0
2026-02-18,DG,DOLLAR GENERAL ,Consumer Staples,Consumer Staples,-9.0,29.0,38.0
2026-02-18,DGX,QUEST DIAGNOSTICS INC.,Health Care,Health Care,15.0,-26.0,-41.0
2026-02-18,DHI,"D.R. HORTON, INC.",Consumer Discretionary,Consumer Discretionary,15.0,-7.0,-22.0
2026-02-18,DHR,DANAHER ,Health Care,Health Care,-25.0,-14.0,11.0
2026-02-18,DHT,"DHT HOLDINGS, INC.",,MR Discretion,71.0,-8.0,-79.0
2026-02-18,DIA,SPDR DOW JONES INDUS AVG,,Sector & Style ETFs,21.0,-3.0,-24.0
2026-02-18,DIS,THE WALT DISNEY COMPANY,Communication Services,Communication Services,-9.0,-12.0,-3.0
2026-02-18,DJI,DOW JONES INDUSTRIAL AVG INDEX,,Indices,21.0,-18.0,-39.0
2026-02-18,DLR,"DIGITAL REALTY TRUST, INC.",Real Estate,Real Estate,-26.0,-43.0,-17.0
2026-02-18,DLTR,"DOLLAR TREE, INC.",Consumer Staples,Consumer Staples,3.0,13.0,10.0
2026-02-18,DOC,"HEALTHDOC PROPERTIES, INC.",Real Estate,Real Estate,47.0,21.0,-26.0
2026-02-18,DOV,DOVER ,Industrials,Industrials,-63.0,-60.0,3.0
2026-02-18,DOW,DOW INC.,Materials,Materials,15.0,-41.0,-56.0
2026-02-18,DPZ,"DOMINO'S PIZZA, INC.",Consumer Discretionary,Consumer Discretionary,-64.0,-26.0,38.0
2026-02-18,DRI,"DARDEN RESTAURANTS, INC.",Consumer Discretionary,Consumer Discretionary,47.0,-11.0,-58.0
2026-02-18,DTE,DTE ENERGY COMPANY,Utilities,Utilities,45.0,33.0,-12.0
2026-02-18,DUK,DUKE ENERGY ,Utilities,Utilities,9.0,-31.0,-40.0
2026-02-18,DVA,DAVITA INC.,Health Care,Health Care,-50.0,-27.0,23.0
2026-02-18,DVN,DEVON ENERGY ,Energy,Energy,-59.0,-65.0,-6.0
2026-02-18,DXCM,"DEXCOM, INC.",Health Care,Health Care,30.0,-3.0,-33.0
2026-02-18,DXY,US DOLLAR INDEX,USD,Indices,-15.0,-18.0,-3.0
2026-02-18,EA,ELECTRONIC ARTS INC.,Communication Services,Communication Services,89.0,47.0,-42.0
2026-02-18,EBAY,EBAY INC.,Consumer Discretionary,Consumer Discretionary,-37.0,0.0,37.0
2026-02-18,EC,ECOPETROL SA,,MR Discretion,76.0,25.0,-51.0
2026-02-18,ECH,ISHARES:MSCI CHILE,,Foreign,21.0,54.0,33.0
2026-02-18,ECL,ECOLAB INC.,Materials,Materials,-5.0,-35.0,-30.0
2026-02-18,ED,"CONSOLIDATED EDISON, INC.",Utilities,Utilities,29.0,-14.0,-43.0
2026-02-18,EDEN,ISHARES:MSCI DENMARK,,Foreign,95.0,64.0,-31.0
2026-02-18,EDV,VANGUARD EXT DUR T;ETF,Bonds,Bonds,-52.0,-44.0,8.0
2026-02-18,EFNL,ISHARES:MSCI FINLAND,,Foreign,30.0,22.0,-8.0
2026-02-18,EFX,EQUIFAX INC.,Industrials,Industrials,-37.0,-12.0,25.0
2026-02-18,EG,"EVEREST GROUP, LTD.",Financials,Financials,-59.0,-26.0,33.0
2026-02-18,EIDO,ISHARES:MSCI INDONESIA,,Foreign,26.0,28.0,2.0
2026-02-18,EIRL,ISHARES:MSCI IRELAND,,Foreign,74.0,64.0,-10.0
2026-02-18,EIS,ISHARES:MSCI ISRAEL,,Foreign,66.0,27.0,-39.0
2026-02-18,EIX,EDISON INTERNATIONAL,Utilities,Utilities,-23.0,-60.0,-37.0
2026-02-18,EL,THE ESTEE LAUDER COMPANIES INC.,Consumer Staples,Consumer Staples,44.0,42.0,-2.0
2026-02-18,ELV,"ELEVANCE HEALTH, INC.",Health Care,Health Care,-10.0,-18.0,-8.0
2026-02-18,EME,"EMCOR GROUP, INC.",Industrials,Industrials,20.0,0.0,-20.0
2026-02-18,EMR,EMERSON ELECTRIC CO.,Industrials,Industrials,126.0,47.0,-79.0
2026-02-18,ENZL,ISHARES:MSCI NEW ZLND,,Foreign,88.0,69.0,-19.0
2026-02-18,EOG,"EOG RESOURCES, INC.",Energy,Energy,-47.0,-46.0,1.0
2026-02-18,EPAM,"EPAM SYSTEMS, INC.",Information Technology,Information Technology,-6.0,0.0,6.0
2026-02-18,EPHE,ISHARES:MSCI PHILIPPINES,,Foreign,17.0,-27.0,-44.0
2026-02-18,EPOL,ISHARES:MSCI POLAND,,Foreign,2.0,51.0,49.0
2026-02-18,EPU,ISHARES:MSCI PERU,,Foreign,36.0,45.0,9.0
2026-02-18,EQIX,"EQUINIX, INC.",Real Estate,Real Estate,-17.0,-50.0,-33.0
2026-02-18,EQR,EQUITY RESIDENTIAL,Real Estate,Real Estate,-3.0,-41.0,-38.0
2026-02-18,EQT,EQT ,Energy,Energy,-16.0,-23.0,-7.0
2026-02-18,ERIE,ERIE INDEMNITY COMPANY,Financials,Financials,-35.0,-49.0,-14.0
2026-02-18,ES,EVERSOURCE ENERGY,Utilities,Utilities,-7.0,18.0,25.0
2026-02-18,ES=F,E-MINI S&P 500 FUTURES,,Futures,5.0,-34.0,-39.0
2026-02-18,ESS,"ESSEX PROPERTY TRUST, INC.",Real Estate,Real Estate,-14.0,-27.0,-13.0
2026-02-18,ETN,EATON  PUBLIC LIMITED COMPANY,Industrials,Industrials,-20.0,-43.0,-23.0
2026-02-18,ETR,ENTERGY ,Utilities,Utilities,-47.0,-22.0,25.0
2026-02-18,EVRG,"EVERGY, INC.",Utilities,Utilities,33.0,17.0,-16.0
2026-02-18,EW,EDWARDS LIFESCIENCES ,Health Care,Health Care,-43.0,-4.0,39.0
2026-02-18,EWA,ISHARES:MSCI AUSTRALIA,,Foreign,-7.0,-50.0,-43.0
2026-02-18,EWC,ISHARES:MSCI CANADA,,Foreign,28.0,19.0,-9.0
2026-02-18,EWD,ISHARES:MSCI SWEDEN,,Foreign,40.0,10.0,-30.0
2026-02-18,EWG,ISHARES:MSCI GERMANY,,Foreign,-29.0,6.0,35.0
2026-02-18,EWH,ISHARES:MSCI HONG KONG,,Foreign,76.0,33.0,-43.0
2026-02-18,EWI,ISHARES:MSCI ITALY,,Foreign,19.0,16.0,-3.0
2026-02-18,EWJ,ISHARES:MSCI JAPAN,,Foreign,29.0,-14.0,-43.0
2026-02-18,EWK,ISHARES:MSCI BELGIUM,,Foreign,24.0,-2.0,-26.0
2026-02-18,EWL,ISHARES:MSCI SWITZERLAND,,Foreign,-7.0,-35.0,-28.0
2026-02-18,EWM,ISHARES:MSCI MALAYSIA,,Foreign,25.0,14.0,-11.0
2026-02-18,EWN,ISHARES:MSCI NETHERLANDS,,Foreign,30.0,-11.0,-41.0
2026-02-18,EWO,ISHARES:MSCI AUSTRIA,,Foreign,18.0,35.0,17.0
2026-02-18,EWP,ISHARES:MSCI SPAIN,,Foreign,1.0,26.0,25.0
2026-02-18,EWQ,ISHARES:MSCI FRANCE,,Foreign,-68.0,-19.0,49.0
2026-02-18,EWS,ISHARES:MSCI SINGAPORE,,Foreign,0.0,37.0,37.0
2026-02-18,EWT,ISHARES:MSCI TAIWAN,,Foreign,-19.0,-41.0,-22.0
2026-02-18,EWU,ISHARES:MSCI UK,,Foreign,2.0,-35.0,-37.0
2026-02-18,EWW,ISHARES:MSCI MEXICO,,Foreign,29.0,20.0,-9.0
2026-02-18,EWY,ISHARES:MSCI S KOREA,,Foreign,53.0,42.0,-11.0
2026-02-18,EWZ,ISHARES:MSCI BRAZIL,,Foreign,67.0,13.0,-54.0
2026-02-18,EXC,EXELON ,Utilities,Utilities,10.0,4.0,-6.0
2026-02-18,EXE,EXPAND ENERGY ,Energy,Energy,-36.0,-19.0,17.0
2026-02-18,EXPD,EXPEDITORS INTERNATIONAL OF WASHINGTON,Industrials,Industrials,34.0,0.0,-34.0
2026-02-18,EXPE,"EXPEDIA GROUP, INC.",Consumer Discretionary,Consumer Discretionary,-18.0,0.0,18.0
2026-02-18,EXR,EXTRA SPACE STORAGE INC.,Real Estate,Real Estate,22.0,6.0,-16.0
2026-02-18,F,FORD MOTOR COMPANY,Consumer Discretionary,Consumer Discretionary,37.0,21.0,-16.0
2026-02-18,FANG,"DIAMONDBACK ENERGY, INC.",Energy,Energy,-41.0,-43.0,-2.0
2026-02-18,FAST,FASTENAL COMPANY,Industrials,Industrials,27.0,-30.0,-57.0
2026-02-18,FCX,FREEPORT-MCMORAN INC.,Materials,Materials,49.0,35.0,-14.0
2026-02-18,FDS,FACTSET RESEARCH SYSTEMS INC.,Financials,Financials,-25.0,0.0,25.0
2026-02-18,FDX,FEDEX ,Industrials,Industrials,36.0,-20.0,-56.0
2026-02-18,FE,FIRSTENERGY CORP.,Utilities,Utilities,53.0,25.0,-28.0
2026-02-18,FFIV,"F5, INC.",Information Technology,Information Technology,16.0,-6.0,-22.0
2026-02-18,FICO,FAIR ISAAC ,Information Technology,Information Technology,32.0,4.0,-28.0
2026-02-18,FIS,FIDELITY NATIONAL INFORMATION SERVICES,Financials,Financials,-21.0,20.0,41.0
2026-02-18,FISV,"FISERV, INC.",Financials,Financials,-22.0,-31.0,-9.0
2026-02-18,FITB,FIFTH THIRD BANCORP,Financials,Financials,15.0,3.0,-12.0
2026-02-18,FIX,"COMFORT SYSTEMS USA, INC.",Industrials,Industrials,25.0,35.0,10.0
2026-02-18,FOXA,FOX ,Communication Services,Communication Services,-54.0,0.0,54.0
2026-02-18,FRO,FRONTLINE PLC,,MR Discretion,37.0,-9.0,-46.0
2026-02-18,FRT,FEDERAL REALTY INVESTMENT TRUST,Real Estate,Real Estate,-15.0,-28.0,-13.0
2026-02-18,FSLR,"FIRST SOLAR, INC.",Information Technology,Information Technology,20.0,55.0,35.0
2026-02-18,FTI,TECHNIPFMC PLC,,MR Discretion,65.0,-20.0,-85.0
2026-02-18,FTNT,"FORTINET, INC.",Information Technology,Information Technology,-13.0,-57.0,-44.0
2026-02-18,FTV,FORTIVE ,Industrials,Industrials,-23.0,-10.0,13.0
2026-02-18,FVX,5 YR TSY YLD NDX,Yields,Yields,76.0,2.0,-74.0
2026-02-18,FXA,INVESCO:AU DOLLAR,,Currencies,5.0,-11.0,-16.0
2026-02-18,FXB,INVESCO:GBP STERLING,,Currencies,49.0,47.0,-2.0
2026-02-18,FXC,INVESCO:CANADIAN DOLLAR,,Currencies,3.0,10.0,7.0
2026-02-18,FXE,INVESCO:EURO,,Currencies,27.0,35.0,8.0
2026-02-18,FXY,INVESCO:JAPANESE YEN,,Currencies,12.0,-10.0,-22.0
2026-02-18,GD,GENERAL DYNAMICS ,Industrials,Industrials,67.0,42.0,-25.0
2026-02-18,GDDY,GODADDY INC.,Information Technology,Information Technology,-4.0,-4.0,-0.0
2026-02-18,GDX,VANECK:GOLD MINERS,,Commodities,-5.0,-0.0,5.0
2026-02-18,GDXJ,VANECK:JR GOLD MINERS,,Commodities,-51.0,1.0,52.0
2026-02-18,GE,GENERAL ELECTRIC COMPANY,Industrials,Industrials,-60.0,-5.0,55.0
2026-02-18,GEHC,GE HEALTHCARE TECHNOLOGIES INC.,Health Care,Health Care,-59.0,-36.0,23.0
2026-02-18,GEN,GEN DIGITAL INC.,Information Technology,Information Technology,27.0,38.0,11.0
2026-02-18,GEOS,GEOSPACE TECHNOLOGIES ,,MR Discretion,-3.0,0.0,3.0
2026-02-18,GEV,GE VERNOVA INC.,Industrials,Industrials,-31.0,-12.0,19.0
2026-02-18,GGB,GERDAU SA,,MR Discretion,103.0,69.0,-34.0
2026-02-18,GILD,"GILEAD SCIENCES, INC.",Health Care,Health Care,11.0,-32.0,-43.0
2026-02-18,GIS,"GENERAL MILLS, INC.",Consumer Staples,Consumer Staples,-34.0,-44.0,-10.0
2026-02-18,GL,GLOBE LIFE INC.,Financials,Financials,36.0,5.0,-31.0
2026-02-18,GLATF,GLOBAL ATOMIC ,,MR Discretion,8.0,21.0,13.0
2026-02-18,GLD,SPDR GOLD,Gold,Commodities,3.0,29.0,26.0
2026-02-18,GLW,CORNING INC.,Information Technology,Information Technology,-36.0,-3.0,33.0
2026-02-18,GM,GENERAL MOTORS COMPANY,Consumer Discretionary,Consumer Discretionary,-7.0,19.0,26.0
2026-02-18,GNK,GENCO SHIPPING & TRADING LIMITED,,MR Discretion,34.0,-20.0,-54.0
2026-02-18,GNRC,GENERAC HOLDINGS INC.,Industrials,Industrials,31.0,-12.0,-43.0
2026-02-18,GOOGL,ALPHABET INC.,Communication Services,Communication Services,35.0,13.0,-22.0
2026-02-18,GPC,GENUINE PARTS COMPANY,Consumer Discretionary,Consumer Discretionary,31.0,1.0,-30.0
2026-02-18,GPN,GLOBAL PAYMENTS INC.,Financials,Financials,-44.0,-32.0,12.0
2026-02-18,GREK,GLBL X MSCI GREECE,,Foreign,13.0,-16.0,-29.0
2026-02-18,GRMN,GARMIN LTD,Consumer Discretionary,Consumer Discretionary,-61.0,-41.0,20.0
2026-02-18,GS,"THE GOLDMAN SACHS GROUP, INC.",Financials,Financials,83.0,99.0,16.0
2026-02-18,GWW,"W.W. GRAINGER, INC.",Industrials,Industrials,-14.0,-31.0,-17.0
2026-02-18,HAL,HALLIBURTON COMPANY,Energy,Energy,57.0,6.0,-51.0
2026-02-18,HAS,"HASBRO, INC.",Consumer Discretionary,Consumer Discretionary,-13.0,-21.0,-8.0
2026-02-18,HBAN,HUNTINGTON BANCSHARES INC.,Financials,Financials,16.0,55.0,39.0
2026-02-18,HCA,"HCA HEALTHCARE, INC.",Health Care,Health Care,-51.0,-27.0,24.0
2026-02-18,HD,"THE HOME DEPOT, INC.",Consumer Discretionary,Consumer Discretionary,26.0,-20.0,-46.0
2026-02-18,HIG,THE HARTFORD FINANCIAL SERVICES GROUP,Financials,Financials,-106.0,-56.0,50.0
2026-02-18,HII,"HUNTINGTON INGALLS INDUSTRIES, INC.",Industrials,Industrials,110.0,56.0,-54.0
2026-02-18,HLT,HILTON WORLDWIDE HOLDINGS INC.,Consumer Discretionary,Consumer Discretionary,-3.0,1.0,4.0
2026-02-18,HLX,"HELIX ENERGY SOLUTIONS GROUP, INC.",,MR Discretion,-11.0,-20.0,-9.0
2026-02-18,HOLX,"HOLOGIC, INC.",Health Care,Health Care,42.0,-20.0,-62.0
2026-02-18,HON,HONEYWELL INTERNATIONAL INC.,Industrials,Industrials,-16.0,-43.0,-27.0
2026-02-18,HOOD,"ROBINHOOD MARKETS, INC.",Financials,Financials,-2.0,0.0,2.0
2026-02-18,HPE,HEWLETT PACKARD ENTERPRISE COMPANY,Information Technology,Information Technology,-4.0,35.0,39.0
2026-02-18,HPQ,HP INC.,Information Technology,Information Technology,-46.0,-6.0,40.0
2026-02-18,HRL,HORMEL FOODS ,Consumer Staples,Consumer Staples,2.0,-1.0,-3.0
2026-02-18,HSIC,"HENRY SCHEIN, INC.",Health Care,Health Care,1.0,25.0,24.0
2026-02-18,HST,"HOST HOTELS & RESORTS, INC.",Real Estate,Real Estate,-31.0,-43.0,-12.0
2026-02-18,HSY,THE HERSHEY COMPANY,Consumer Staples,Consumer Staples,-69.0,-53.0,16.0
2026-02-18,HUBB,HUBBELL INC.,Industrials,Industrials,7.0,-26.0,-33.0
2026-02-18,HUM,HUMANA INC.,Health Care,Health Care,1.0,0.0,-1.0
2026-02-18,HWM,HOWMET AEROSPACE INC.,Industrials,Industrials,-45.0,-37.0,8.0
2026-02-18,HYD,VANECK:HIGH YIELD MUNI,,Bonds,-41.0,-12.0,29.0
2026-02-18,HYG,ISHARES:IBOXX $HY CORP,Bonds,Bonds,21.0,-3.0,-24.0
2026-02-18,IBKR,"INTERACTIVE BROKERS GROUP, INC.",Financials,Financials,99.0,73.0,-26.0
2026-02-18,IBM,INTERNATIONAL BUSINESS MACHINES ,Information Technology,Information Technology,22.0,0.0,-22.0
2026-02-18,ICE,"INTERCONTINENTAL EXCHANGE, INC.",Financials,Financials,53.0,0.0,-53.0
2026-02-18,ICL,ICL GROUP LTD,,MR Discretion,-20.0,16.0,36.0
2026-02-18,IDXX,"IDEXX LABORATORIES, INC.",Health Care,Health Care,37.0,44.0,7.0
2026-02-18,IEF,ISHARES:7-10 TRS BD ETF,Bonds,Bonds,-55.0,-19.0,36.0
2026-02-18,IEX,IDEX ,Industrials,Industrials,21.0,-35.0,-56.0
2026-02-18,IFF,INTERNATIONAL FLAVORS & FRAGRANCES INC.,Materials,Materials,-58.0,-70.0,-12.0
2026-02-18,INCY,INCYTE ,Health Care,Health Care,33.0,32.0,-1.0
2026-02-18,INDA,ISHARES:MSCI INDIA,,Foreign,-44.0,-16.0,28.0
2026-02-18,INTC,INTEL ,Information Technology,Information Technology,86.0,45.0,-41.0
2026-02-18,INTU,INTUIT INC.,Information Technology,Information Technology,0.0,-0.0,-0.0
2026-02-18,INVH,INVITATION HOMES INC.,Real Estate,Real Estate,-18.0,-10.0,8.0
2026-02-18,IP,INTERNATIONAL PAPER COMPANY,Materials,Materials,-45.0,-60.0,-15.0
2026-02-18,IQV,IQVIA HOLDINGS INC,Health Care,Health Care,-11.0,0.0,11.0
2026-02-18,IR,INGERSOLL RAND INC.,Industrials,Industrials,25.0,-32.0,-57.0
2026-02-18,IRM,IRON MOUNTAIN INC.,Real Estate,Real Estate,-8.0,-41.0,-33.0
2026-02-18,ISRG,"INTUITIVE SURGICAL, INC.",Health Care,Health Care,-37.0,4.0,41.0
2026-02-18,IT,"GARTNER, INC.",Information Technology,Information Technology,9.0,0.0,-9.0
2026-02-18,ITW,ILLINOIS TOOL WORKS INC.,Industrials,Industrials,6.0,-51.0,-57.0
2026-02-18,IVZ,INVESCO LTD.,Financials,Financials,60.0,61.0,1.0
2026-02-18,IWD,ISHARES:RUSS 1000 VL ETF,,Sector & Style ETFs,19.0,-16.0,-35.0
2026-02-18,IWF,ISHARES:RUSS 1000 GR ETF,,Sector & Style ETFs,25.0,54.0,29.0
2026-02-18,IWM,ISHARES:RUSS 2000 ETF,,Sector & Style ETFs,71.0,55.0,-16.0
2026-02-18,J,JACOBS SOLUTIONS INC.,Industrials,Industrials,51.0,33.0,-18.0
2026-02-18,JBHT,"J. B. HUNT TRANSPORT SERVICES, INC.",Industrials,Industrials,38.0,5.0,-33.0
2026-02-18,JBL,JABIL INC.,Information Technology,Information Technology,-12.0,23.0,35.0
2026-02-18,JCI,JOHNSON CONTROLS INTERNATIONAL PLC,Industrials,Industrials,-80.0,-37.0,43.0
2026-02-18,JKHY,"JACK HENRY & ASSOCIATES, INC.",Financials,Financials,-28.0,0.0,28.0
2026-02-18,JNJ,JOHNSON & JOHNSON,Health Care,Health Care,-18.0,-41.0,-23.0
2026-02-18,JNK,SPDR BBG HIGH YIELD BD,,Bonds,37.0,-3.0,-40.0
2026-02-18,JPM,JPMORGAN CHASE & CO.,Financials,Financials,4.0,48.0,44.0
2026-02-18,KDP,KEURIG DR PEPPER INC.,Consumer Staples,Consumer Staples,-4.0,-22.0,-18.0
2026-02-18,KEY,KEYCORP,Financials,Financials,47.0,35.0,-12.0
2026-02-18,KEYS,"KEYSIGHT TECHNOLOGIES, INC.",Information Technology,Information Technology,4.0,-2.0,-6.0
2026-02-18,KHC,THE KRAFT HEINZ COMPANY,Consumer Staples,Consumer Staples,-112.0,-79.0,33.0
2026-02-18,KIM,KIMCO REALTY .,Real Estate,Real Estate,-15.0,-50.0,-35.0
2026-02-18,KKR,KKR & CO. INC.,Financials,Financials,22.0,24.0,2.0
2026-02-18,KLAC,KLA ,Information Technology,Information Technology,34.0,26.0,-8.0
2026-02-18,KMB,KIMBERLY-CLARK ,Consumer Staples,Consumer Staples,-29.0,-43.0,-14.0
2026-02-18,KMI,"KINDER MORGAN, INC.",Energy,Energy,-29.0,-59.0,-30.0
2026-02-18,KO,THE COCA-COLA COMPANY,Consumer Staples,Consumer Staples,0.0,-37.0,-37.0
2026-02-18,KR,THE KROGER CO.,Consumer Staples,Consumer Staples,-59.0,-33.0,26.0
2026-02-18,KVUE,KENVUE INC.,Consumer Staples,Consumer Staples,7.0,-20.0,-27.0
2026-02-18,L,LOEWS ,Financials,Financials,-69.0,-40.0,29.0
2026-02-18,LDOS,"LEIDOS HOLDINGS, INC.",Industrials,Industrials,8.0,-0.0,-8.0
2026-02-18,LEN,LENNAR ,Consumer Discretionary,Consumer Discretionary,71.0,-7.0,-78.0
2026-02-18,LH,LABORATORY  OF AMERICA HOLDINGS,Health Care,Health Care,5.0,3.0,-2.0
2026-02-18,LHX,"L3HARRIS TECHNOLOGIES, INC.",Industrials,Industrials,71.0,42.0,-29.0
2026-02-18,LII,LENNOX INTERNATIONAL INC.,Industrials,Industrials,-8.0,-57.0,-49.0
2026-02-18,LIN,LINDE PUBLIC LIMITED COMPANY,Materials,Materials,8.0,-35.0,-43.0
2026-02-18,LLY,ELI LILLY AND COMPANY,Health Care,Health Care,11.0,11.0,0.0
2026-02-18,LMT,LOCKHEED MARTIN ,Industrials,Industrials,62.0,25.0,-37.0
2026-02-18,LNT,ALLIANT ENERGY ,Utilities,Utilities,-20.0,17.0,37.0
2026-02-18,LOW,"LOWE'S COMPANIES, INC.",Consumer Discretionary,Consumer Discretionary,108.0,25.0,-83.0
2026-02-18,LQD,ISHARES:IBOXX $IG CORP,Bonds,Bonds,-14.0,-19.0,-5.0
2026-02-18,LRCX,LAM RESEARCH ,Information Technology,Information Technology,64.0,35.0,-29.0
2026-02-18,LULU,LULULEMON ATHLETICA INC.,Consumer Discretionary,Consumer Discretionary,-10.0,15.0,25.0
2026-02-18,LUV,SOUTHWEST AIRLINES CO.,Industrials,Industrials,6.0,-17.0,-23.0
2026-02-18,LVS,LAS VEGAS SANDS CORP.,Consumer Discretionary,Consumer Discretionary,-1.0,21.0,22.0
2026-02-18,LW,"LAMB WESTON HOLDINGS, INC.",Consumer Staples,Consumer Staples,-65.0,-53.0,12.0
2026-02-18,LYB,LYONDELLBASELL INDUSTRIES NV,Materials,Materials,19.0,-62.0,-81.0
2026-02-18,LYV,"LIVE NATION ENTERTAINMENT, INC.",Communication Services,Communication Services,-30.0,-33.0,-3.0
2026-02-18,MA,MASTERCARD INC..,Financials,Financials,33.0,8.0,-25.0
2026-02-18,MAA,"MID-AMERICA APARTMENT COMMUNITIES, INC.",Real Estate,Real Estate,-93.0,-19.0,74.0
2026-02-18,MAR,"MARRIOTT INTERNATIONAL, INC.",Consumer Discretionary,Consumer Discretionary,-78.0,-68.0,10.0
2026-02-18,MAS,MASCO ,Industrials,Industrials,1.0,-32.0,-33.0
2026-02-18,MCD,MCDONALD'S ,Consumer Discretionary,Consumer Discretionary,5.0,-35.0,-40.0
2026-02-18,MCHI,ISHARES:MSCI CHINA,,Foreign,56.0,45.0,-11.0
2026-02-18,MCHP,MICROCHIP TECHNOLOGY INC.,Information Technology,Information Technology,43.0,-10.0,-53.0
2026-02-18,MCK,MCKESSON ,Health Care,Health Care,-62.0,-27.0,35.0
2026-02-18,MCO,MOODY'S ,Financials,Financials,49.0,0.0,-49.0
2026-02-18,MDLZ,"MONDELEZ INTERNATIONAL, INC.",Consumer Staples,Consumer Staples,-46.0,-73.0,-27.0
2026-02-18,MDT,MEDTRONIC PUBLIC LIMITED COMPANY,Health Care,Health Care,-2.0,-16.0,-14.0
2026-02-18,MDY,SPDR S&P MIDCAP 400 ETF,,Sector & Style ETFs,25.0,-12.0,-37.0
2026-02-18,MET,"METLIFE, INC.",Financials,Financials,-36.0,-41.0,-5.0
2026-02-18,META,"META PLATFORMS, INC.",Communication Services,Communication Services,24.0,-4.0,-28.0
2026-02-18,MGM,MGM RESORTS INTERNATIONAL,Consumer Discretionary,Consumer Discretionary,-67.0,-36.0,31.0
2026-02-18,MKC,"MCCORMICK & COMPANY, INC.",Consumer Staples,Consumer Staples,-95.0,-40.0,55.0
2026-02-18,MLM,"MARTIN MARIETTA MATERIALS, INC.",Materials,Materials,10.0,-1.0,-11.0
2026-02-18,MMM,3M COMPANY,Industrials,Industrials,0.0,-12.0,-12.0
2026-02-18,MNST,MONSTER BEVERAGE ,Consumer Staples,Consumer Staples,65.0,55.0,-10.0
2026-02-18,MO,"ALTRIA GROUP, INC.",Consumer Staples,Consumer Staples,-18.0,-41.0,-23.0
2026-02-18,MOH,"MOLINA HEALTHCARE, INC.",Health Care,Health Care,3.0,0.0,-3.0
2026-02-18,MOS,THE MOSAIC COMPANY,Materials,Materials,43.0,9.0,-34.0
2026-02-18,MP,MP MATERIALS CORP,,MR Discretion,28.0,37.0,9.0
2026-02-18,MPC,MARATHON PETROLEUM ,Energy,Energy,-18.0,-53.0,-35.0
2026-02-18,MPWR,"MONOLITHIC POWER SYSTEMS, INC.",Information Technology,Information Technology,35.0,33.0,-2.0
2026-02-18,MRK,"MERCK & CO., INC.",Health Care,Health Care,-44.0,-56.0,-12.0
2026-02-18,MRNA,"MODERNA, INC.",Health Care,Health Care,20.0,-17.0,-37.0
2026-02-18,MRSH,"MARSH & MCLENNAN COMPANIES, INC.",Financials,Financials,57.0,39.0,-18.0
2026-02-18,MS,MORGAN STANLEY,Financials,Financials,7.0,26.0,19.0
2026-02-18,MSCI,MSCI INC.,Financials,Financials,100.0,0.0,-100.0
2026-02-18,MSFT,MICROSOFT ,Information Technology,Information Technology,-22.0,0.0,22.0
2026-02-18,MSI,"MOTOROLA SOLUTIONS, INC.",Information Technology,Information Technology,19.0,-17.0,-36.0
2026-02-18,MTB,M&T BANK ,Financials,Financials,40.0,-14.0,-54.0
2026-02-18,MTCH,"MATCH GROUP, INC.",Communication Services,Communication Services,-32.0,20.0,52.0
2026-02-18,MTD,METTLER-TOLEDO INTERNATIONAL INC.,Health Care,Health Care,-4.0,22.0,26.0
2026-02-18,MTUM,ISHARES:MSCI USA MOM FCT,,Sector & Style ETFs,-5.0,-15.0,-10.0
2026-02-18,MU,"MICRON TECHNOLOGY, INC.",Information Technology,Information Technology,32.0,51.0,19.0
2026-02-18,MUB,ISHARES:NATL MUNI BOND,,Bonds,-5.0,15.0,20.0
2026-02-18,NCLH,NORWEGIAN CRUISE LINE HOLDINGS LTD.,Consumer Discretionary,Consumer Discretionary,28.0,-36.0,-64.0
2026-02-18,NDAQ,"NASDAQ, INC.",Financials,Financials,-44.0,0.0,44.0
2026-02-18,NDSN,NORDSON ,Industrials,Industrials,15.0,-20.0,-35.0
2026-02-18,NDX,NASDAQ 100 INDEX,,Indices,62.0,28.0,-34.0
2026-02-18,NEE,"NEXTERA ENERGY, INC.",Utilities,Utilities,21.0,13.0,-8.0
2026-02-18,NEM,NEWMONT ,Materials,Materials,10.0,61.0,51.0
2026-02-18,NFLX,"NETFLIX, INC.",Communication Services,Communication Services,33.0,-4.0,-37.0
2026-02-18,NI,NISOURCE INC.,Utilities,Utilities,45.0,29.0,-16.0
2026-02-18,NKE,"NIKE, INC.",Consumer Discretionary,Consumer Discretionary,-17.0,-12.0,5.0
2026-02-18,NOC,NORTHROP GRUMMAN ,Industrials,Industrials,59.0,8.0,-51.0
2026-02-18,NORW,GLBL X MSCI NORWAY ETF,,Foreign,0.0,-12.0,-12.0
2026-02-18,NOV,NOV INC.,,MR Discretion,48.0,-21.0,-69.0
2026-02-18,NOW,"SERVICENOW, INC.",Information Technology,Information Technology,10.0,-21.0,-31.0
2026-02-18,NQ=F,NASDAQ 100 FUTURES,,Futures,71.0,37.0,-34.0
2026-02-18,NRG,"NRG ENERGY, INC.",Utilities,Utilities,-71.0,-23.0,48.0
2026-02-18,NSC,NORFOLK SOUTHERN ,Industrials,Industrials,-71.0,-60.0,11.0
2026-02-18,NTAP,"NETAPP, INC.",Information Technology,Information Technology,-26.0,-31.0,-5.0
2026-02-18,NTRS,NORTHERN TRUST ,Financials,Financials,86.0,19.0,-67.0
2026-02-18,NUE,NUCOR ,Materials,Materials,51.0,18.0,-33.0
2026-02-18,NVDA,NVIDIA ,Information Technology,Information Technology,8.0,10.0,2.0
2026-02-18,NVR,"NVR, INC.",Consumer Discretionary,Consumer Discretionary,68.0,37.0,-31.0
2026-02-18,NWSA,NEWS CORP.,Communication Services,Communication Services,23.0,0.0,-23.0
2026-02-18,NXPI,NXP SEMICONDUCTORS NV,Information Technology,Information Technology,-31.0,-28.0,3.0
2026-02-18,O,REALTY INCOME ,Real Estate,Real Estate,3.0,-32.0,-35.0
2026-02-18,ODFL,"OLD DOMINION FREIGHT LINE, INC.",Industrials,Industrials,9.0,-24.0,-33.0
2026-02-18,OEF,ISHARES:S&P 100,,Sector & Style ETFs,13.0,16.0,3.0
2026-02-18,OKE,"ONEOK, INC.",Energy,Energy,-24.0,-26.0,-2.0
2026-02-18,OMC,OMNICOM GROUP INC.,Communication Services,Communication Services,-4.0,0.0,4.0
2026-02-18,ON,ON SEMICONDUCTOR ,Information Technology,Information Technology,-4.0,-14.0,-10.0
2026-02-18,ORCL,ORACLE ,Information Technology,Information Technology,17.0,4.0,-13.0
2026-02-18,ORLY,"O'REILLY AUTOMOTIVE, INC.",Consumer Discretionary,Consumer Discretionary,29.0,2.0,-27.0
2026-02-18,OTIS,OTIS WORLDWIDE ,Industrials,Industrials,-1.0,-27.0,-26.0
2026-02-18,OXY,OCCIDENTAL PETROLEUM ,Energy,Energy,-26.0,-35.0,-9.0
2026-02-18,PAM,PAMPA ENERGIA SA,,MR Discretion,29.0,15.0,-14.0
2026-02-18,PANW,"PALO ALTO NETWORKS, INC.",Information Technology,Information Technology,7.0,-2.0,-9.0
2026-02-18,PAYC,"PAYCOM SOFTWARE, INC.",Industrials,Industrials,2.0,18.0,16.0
2026-02-18,PAYX,"PAYCHEX, INC.",Industrials,Industrials,13.0,52.0,39.0
2026-02-18,PBR,BRAZILIAN PETROLEUM  - PETROBRAS,,MR Discretion,-63.0,-65.0,-2.0
2026-02-18,PCAR,PACCAR INC,Industrials,Industrials,88.0,11.0,-77.0
2026-02-18,PCG,PG&E ,Utilities,Utilities,-82.0,-70.0,12.0
2026-02-18,PEG,PUBLIC SERVICE ENTERPRISE GROUP INC.,Utilities,Utilities,-3.0,-12.0,-9.0
2026-02-18,PEP,"PEPSICO, INC.",Consumer Staples,Consumer Staples,-56.0,-73.0,-17.0
2026-02-18,PFE,PFIZER INC.,Health Care,Health Care,-24.0,-40.0,-16.0
2026-02-18,PFF,ISHARES:PREF AND INC SEC,,Bonds,8.0,-11.0,-19.0
2026-02-18,PFG,"PRINCIPAL FINANCIAL GROUP, INC.",Financials,Financials,92.0,60.0,-32.0
2026-02-18,PG,THE PROCTER & GAMBLE COMPANY,Consumer Staples,Consumer Staples,-58.0,-85.0,-27.0
2026-02-18,PGR,THE PROGRESSIVE ,Financials,Financials,-67.0,-69.0,-2.0
2026-02-18,PH,PARKER-HANNIFIN ,Industrials,Industrials,0.0,-12.0,-12.0
2026-02-18,PHM,"PULTEGROUP, INC.",Consumer Discretionary,Consumer Discretionary,5.0,-26.0,-31.0
2026-02-18,PKG,PACKAGING  OF AMERICA,Materials,Materials,13.0,-44.0,-57.0
2026-02-18,PLD,"PROLOGIS, INC.",Real Estate,Real Estate,-27.0,6.0,33.0
2026-02-18,PLTR,PALANTIR TECHNOLOGIES INC.,Information Technology,Information Technology,20.0,0.0,-20.0
2026-02-18,PM,PHILIP MORRIS INTERNATIONAL INC.,Consumer Staples,Consumer Staples,45.0,12.0,-33.0
2026-02-18,PNC,"THE PNC FINANCIAL SERVICES GROUP, INC.",Financials,Financials,40.0,20.0,-20.0
2026-02-18,PNR,PENTAIR PUBLIC LIMITED COMPANY,Industrials,Industrials,-17.0,-22.0,-5.0
2026-02-18,PNW,PINNACLE WEST CAPITAL ,Utilities,Utilities,23.0,-5.0,-28.0
2026-02-18,PODD,INSULET ,Health Care,Health Care,70.0,57.0,-13.0
2026-02-18,POOL,POOL ,Consumer Discretionary,Consumer Discretionary,43.0,-3.0,-46.0
2026-02-18,POWA,INVESCO BLOOMBERG PRICING POWER,,Sector & Style ETFs,-16.0,-28.0,-12.0
2026-02-18,PPG,"PPG INDUSTRIES, INC.",Materials,Materials,-10.0,-37.0,-27.0
2026-02-18,PPL,PPL ,Utilities,Utilities,86.0,74.0,-12.0
2026-02-18,PPLT,ABRDN:PHYSICAL PLATINUM,,Commodities,16.0,0.0,-16.0
2026-02-18,PRU,"PRUDENTIAL FINANCIAL, INC.",Financials,Financials,17.0,30.0,13.0
2026-02-18,PSA,PUBLIC STORAGE.,Real Estate,Real Estate,-5.0,-46.0,-41.0
2026-02-18,PSKY,PARAMOUNT SKYDANCE ,Communication Services,Communication Services,31.0,55.0,24.0
2026-02-18,PSX,PHILLIPS 66,Energy,Energy,62.0,-26.0,-88.0
2026-02-18,PTC,PTC INC.,Information Technology,Information Technology,-68.0,-43.0,25.0
2026-02-18,PWR,"QUANTA SERVICES, INC.",Industrials,Industrials,0.0,-20.0,-20.0
2026-02-18,PYPL,"PAYPAL HOLDINGS, INC.",Financials,Financials,-3.0,0.0,3.0
2026-02-18,Q,"QNITY ELECTRONICS, INC.",Information Technology,Information Technology,4.0,-13.0,-17.0
2026-02-18,QAT,ISHARES:MSCI QATAR,,Foreign,0.0,-23.0,-23.0
2026-02-18,QCOM,QUALCOMM INC.,Information Technology,Information Technology,19.0,6.0,-13.0
2026-02-18,QQQ,INVESCO QQQ TRUST 1,,Sector & Style ETFs,65.0,47.0,-18.0
2026-02-18,QUAL,ISHARES:MSCI USA QF,,Sector & Style ETFs,21.0,-3.0,-24.0
2026-02-18,RCL,ROYAL CARIBBEAN CRUISES LTD.,Consumer Discretionary,Consumer Discretionary,24.0,6.0,-18.0
2026-02-18,REG,REGENCY CENTERS ,Real Estate,Real Estate,0.0,-35.0,-35.0
2026-02-18,REGN,"REGENERON PHARMACEUTICALS, INC.",Health Care,Health Care,-89.0,-66.0,23.0
2026-02-18,RF,REGIONS FINANCIAL ,Financials,Financials,87.0,17.0,-70.0
2026-02-18,RIG,TRANSOCEAN LTD,,MR Discretion,-31.0,-51.0,-20.0
2026-02-18,RJF,"RAYMOND JAMES FINANCIAL, INC.",Financials,Financials,48.0,64.0,16.0
2026-02-18,RL,RALPH LAUREN ,Consumer Discretionary,Consumer Discretionary,-4.0,4.0,8.0
2026-02-18,RMD,RESMED INC.,Health Care,Health Care,71.0,44.0,-27.0
2026-02-18,ROK,"ROCKWELL AUTOMATION, INC.",Industrials,Industrials,65.0,53.0,-12.0
2026-02-18,ROKU,"ROKU, INC.",,MR Discretion,31.0,44.0,13.0
2026-02-18,ROL,"ROLLINS, INC.",Industrials,Industrials,37.0,0.0,-37.0
2026-02-18,ROP,"ROPER TECHNOLOGIES, INC.",Information Technology,Information Technology,10.0,10.0,-0.0
2026-02-18,ROST,"ROSS STORES, INC.",Consumer Discretionary,Consumer Discretionary,-26.0,-42.0,-16.0
2026-02-18,RSG,"REPUBLIC SERVICES, INC.",Industrials,Industrials,-32.0,-49.0,-17.0
2026-02-18,RSP,INVESCO S&P500 EWGHT,,Sector & Style ETFs,31.0,-16.0,-47.0
2026-02-18,RTX,RTX ,Industrials,Industrials,51.0,37.0,-14.0
2026-02-18,RUT,RUSSELL 2000 INDEX,,Indices,71.0,37.0,-34.0
2026-02-18,RVTY,"REVVITY, INC.",Health Care,Health Care,-6.0,7.0,13.0
2026-02-18,SBAC,SBA COMMUNICATIONS ,Real Estate,Real Estate,-110.0,-26.0,84.0
2026-02-18,SBLK,STAR BULK CARRIERS CORP.,,MR Discretion,0.0,-43.0,-43.0
2026-02-18,SBUX,STARBUCKS ,Consumer Discretionary,Consumer Discretionary,27.0,3.0,-24.0
2026-02-18,SCHP,SCHWAB STR:US TIPS,,Bonds,-22.0,-8.0,14.0
2026-02-18,SCHW,THE CHARLES SCHWAB ,Financials,Financials,-33.0,0.0,33.0
2026-02-18,SD,"SANDRIDGE ENERGY, INC.",,MR Discretion,27.0,-8.0,-35.0
2026-02-18,SDY,SPDR S&P DIVIDEND,,Sector & Style ETFs,-3.0,-23.0,-20.0
2026-02-18,SHW,THE SHERWIN-WILLIAMS COMPANY,Materials,Materials,20.0,-40.0,-60.0
2026-02-18,SHY,ISHARES:1-3 TRS BD ETF,Bonds,Bonds,61.0,40.0,-21.0
2026-02-18,SILJ,ETFMG PRIME JR SILVR MNR,,Commodities,-59.0,-8.0,51.0
2026-02-18,SJM,THE J. M. SMUCKER COMPANY,Consumer Staples,Consumer Staples,26.0,-20.0,-46.0
2026-02-18,SLB,SCHLUMBERGER N.V.,Energy,Energy,34.0,-17.0,-51.0
2026-02-18,SLV,ISHARES:SILVER TRUST,,Commodities,7.0,-0.0,-7.0
2026-02-18,SM,SM ENERGY COMPANY,,MR Discretion,18.0,4.0,-14.0
2026-02-18,SMCI,"SUPER MICRO COMPUTER, INC.",Information Technology,Information Technology,9.0,-5.0,-14.0
2026-02-18,SMH,VANECK:SEMICONDUCTOR,,Sector & Style ETFs,56.0,44.0,-12.0
2026-02-18,SNA,SNAP-ON INC.,Industrials,Industrials,48.0,18.0,-30.0
2026-02-18,SNDK,SANDISK CORPORATION,Information Technology,Information Technology,-5.0,18.0,23.0
2026-02-18,SNPS,"SYNOPSYS, INC.",Information Technology,Information Technology,49.0,31.0,-18.0
2026-02-18,SO,THE SOUTHERN COMPANY,Utilities,Utilities,17.0,-19.0,-36.0
2026-02-18,SOLV,SOLVENTUM ,Health Care,Health Care,-19.0,25.0,44.0
2026-02-18,SOYB,TEUCRIUM:SOYBEAN,,Commodities,-7.0,-23.0,-16.0
2026-02-18,SPG,"SIMON PROPERTY GROUP, INC.",Real Estate,Real Estate,-41.0,-35.0,6.0
2026-02-18,SPGI,S&P GLOBAL INC.,Financials,Financials,28.0,0.0,-28.0
2026-02-18,SPHB,INVESCO S&P500 HI BE,,Sector & Style ETFs,94.0,49.0,-45.0
2026-02-18,SPLV,INVESCO S&P500 LOWVL,,Sector & Style ETFs,-13.0,-43.0,-30.0
2026-02-18,SPX,S&P 500 INDEX,,Indices,5.0,-55.0,-60.0
2026-02-18,SPY,SPDR S&P 500 ETF,,Sector & Style ETFs,6.0,-39.0,-45.0
2026-02-18,SRE,SEMPRA,Utilities,Utilities,-102.0,-58.0,44.0
2026-02-18,STE,STERIS PUBLIC LIMITED COMPANY,Health Care,Health Care,20.0,35.0,15.0
2026-02-18,STIP,ISHARES:0-5 TIPS BD ETF,Bonds,Bonds,61.0,21.0,-40.0
2026-02-18,STLA,STELLANTIS NV,,MR Discretion,-23.0,0.0,23.0
2026-02-18,STLD,"STEEL DYNAMICS, INC.",Materials,Materials,31.0,10.0,-21.0
2026-02-18,STNG,SCORPIO TANKERS INC.,,MR Discretion,11.0,-36.0,-47.0
2026-02-18,STT,STATE STREET ,Financials,Financials,3.0,27.0,24.0
2026-02-18,STX,SEAGATE TECHNOLOGY HOLDINGS,Information Technology,Information Technology,29.0,35.0,6.0
2026-02-18,STZ,"CONSTELLATION BRANDS, INC.",Consumer Staples,Consumer Staples,43.0,-17.0,-60.0
2026-02-18,SW,SMURFIT WESTROCK PUBLIC LIMITED COMPANY,Materials,Materials,-53.0,-81.0,-28.0
2026-02-18,SWK,"STANLEY BLACK & DECKER, INC.",Industrials,Industrials,16.0,-17.0,-33.0
2026-02-18,SWKS,"SKYWORKS SOLUTIONS, INC.",Information Technology,Information Technology,-87.0,-50.0,37.0
2026-02-18,SYF,SYNCHRONY FINANCIAL,Financials,Financials,68.0,67.0,-1.0
2026-02-18,SYK,STRYKER ,Health Care,Health Care,-36.0,-50.0,-14.0
2026-02-18,SYY,SYSCO ,Consumer Staples,Consumer Staples,-53.0,-70.0,-17.0
2026-02-18,T,AT&T INC.,Communication Services,Communication Services,-24.0,-34.0,-10.0
2026-02-18,TAGS,TEUCRIUM:AGRICULTURAL,,Commodities,22.0,-27.0,-49.0
2026-02-18,TAP,MOLSON COORS BEVERAGE COMPANY,Consumer Staples,Consumer Staples,9.0,-3.0,-12.0
2026-02-18,TDG,TRANSDIGM GROUP INC.,Industrials,Industrials,75.0,0.0,-75.0
2026-02-18,TDW,TIDEWATER INC.,,MR Discretion,8.0,-35.0,-43.0
2026-02-18,TDY,TELEDYNE TECHNOLOGIES INC.,Information Technology,Information Technology,34.0,-17.0,-51.0
2026-02-18,TECH,BIO-TECHNE ,Health Care,Health Care,17.0,11.0,-6.0
2026-02-18,TECK,TECK RESOURCES LIMITED,,MR Discretion,41.0,10.0,-31.0
2026-02-18,TEL,TE CONNECTIVITY LTD,Information Technology,Information Technology,-25.0,39.0,64.0
2026-02-18,TER,"TERADYNE, INC.",Information Technology,Information Technology,-19.0,3.0,22.0
2026-02-18,TFC,TRUIST FINANCIAL ,Financials,Financials,29.0,17.0,-12.0
2026-02-18,TGT,TARGET ,Consumer Staples,Consumer Staples,25.0,-12.0,-37.0
2026-02-18,THD,ISHARES:MSCI THAI,,Foreign,-48.0,-30.0,18.0
2026-02-18,TIP,ISHARES:TIPS BD ETF,Bonds,Bonds,-5.0,-19.0,-14.0
2026-02-18,TJX,"THE TJX COMPANIES, INC.",Consumer Discretionary,Consumer Discretionary,3.0,3.0,0.0
2026-02-18,TKO,"TKO GROUP HOLDINGS, INC.",Communication Services,Communication Services,17.0,63.0,46.0
2026-02-18,TLT,ISHARES:20+ TRS BD ETF,Bonds,Bonds,-84.0,-44.0,40.0
2026-02-18,TMO,THERMO FISHER SCIENTIFIC INC.,Health Care,Health Care,16.0,0.0,-16.0
2026-02-18,TMUS,"T-MOBILE US, INC.",Communication Services,Communication Services,-63.0,-60.0,3.0
2026-02-18,TNX,10 Y TSY YLD NDX,Yields,Yields,50.0,2.0,-48.0
2026-02-18,TPL,TEXAS PACIFIC LAND ,Energy,Energy,33.0,-20.0,-53.0
2026-02-18,TPR,"TAPESTRY, INC.",Consumer Discretionary,Consumer Discretionary,-13.0,-6.0,7.0
2026-02-18,TRGP,TARGA RESOURCES CORP.,Energy,Energy,0.0,-9.0,-9.0
2026-02-18,TRMB,TRIMBLE INC.,Information Technology,Information Technology,11.0,11.0,-0.0
2026-02-18,TROW,"T. ROWE PRICE GROUP, INC.",Financials,Financials,12.0,0.0,-12.0
2026-02-18,TRV,"THE TRAVELERS COMPANIES, INC.",Financials,Financials,-87.0,-56.0,31.0
2026-02-18,TS,TENARIS SA,,MR Discretion,65.0,-22.0,-87.0
2026-02-18,TSCO,TRACTOR SUPPLY COMPANY,Consumer Discretionary,Consumer Discretionary,15.0,34.0,19.0
2026-02-18,TSLA,"TESLA, INC.",Consumer Discretionary,Consumer Discretionary,-21.0,33.0,54.0
2026-02-18,TSN,"TYSON FOODS, INC.",Consumer Staples,Consumer Staples,15.0,-2.0,-17.0
2026-02-18,TT,TRANE TECHNOLOGIES PLC,Industrials,Industrials,-6.0,-47.0,-41.0
2026-02-18,TTD,"THE TRADE DESK, INC.",Communication Services,Communication Services,42.0,33.0,-9.0
2026-02-18,TTWO,"TAKE-TWO INTERACTIVE SOFTWARE, INC.",Communication Services,Communication Services,-11.0,0.0,11.0
2026-02-18,TUR,ISHARES:MSCI TURKEY,,Foreign,18.0,1.0,-17.0
2026-02-18,TXN,TEXAS INSTRUMENTS INC.,Information Technology,Information Technology,10.0,-17.0,-27.0
2026-02-18,TXT,TEXTRON INC.,Industrials,Industrials,-1.0,-11.0,-10.0
2026-02-18,TYL,"TYLER TECHNOLOGIES, INC.",Information Technology,Information Technology,-11.0,-0.0,11.0
2026-02-18,TYX,30 Y TSY YLD NDX,Yields,Yields,21.0,3.0,-18.0
2026-02-18,UAL,"UNITED AIRLINES HOLDINGS, INC.",Industrials,Industrials,29.0,44.0,15.0
2026-02-18,UBER,"UBER TECHNOLOGIES, INC.",Industrials,Industrials,25.0,0.0,-25.0
2026-02-18,UDR,"UDR, INC.",Real Estate,Real Estate,-36.0,-58.0,-22.0
2026-02-18,UHS,"UNIVERSAL HEALTH SERVICES, INC.",Health Care,Health Care,-96.0,-35.0,61.0
2026-02-18,ULTA,"ULTA BEAUTY, INC.",Consumer Discretionary,Consumer Discretionary,50.0,42.0,-8.0
2026-02-18,UNG,UNITED STATES NAT GAS,Energy Complex,Commodities,27.0,3.0,-24.0
2026-02-18,UNH,UNITEDHEALTH GROUP INC.,Health Care,Health Care,-4.0,-5.0,-1.0
2026-02-18,UNP,UNION PACIFIC ,Industrials,Industrials,-84.0,-102.0,-18.0
2026-02-18,UPS,"UNITED PARCEL SERVICE, INC.",Industrials,Industrials,23.0,-9.0,-32.0
2026-02-18,URA,GLBL X URANIUM ETF,,Commodities,97.0,62.0,-35.0
2026-02-18,URI,"UNITED RENTALS, INC.",Industrials,Industrials,47.0,39.0,-8.0
2026-02-18,URNM,SPROTT URANIUM MINERS,,MR Discretion,115.0,55.0,-60.0
2026-02-18,USB,U.S. BANCORP,Financials,Financials,17.0,7.0,-10.0
2026-02-18,USO,UNITED STATES OIL FUND,Energy Complex,Commodities,-39.0,-35.0,4.0
2026-02-18,UUP,INVESCO DB USD IDX BL,,Currencies,-16.0,-3.0,13.0
2026-02-18,V,VISA INC.,Financials,Financials,10.0,18.0,8.0
2026-02-18,VAL,VALARIS LIMITED,,MR Discretion,-23.0,-49.0,-26.0
2026-02-18,VICI,VICI PROPERTIES INC.,Real Estate,Real Estate,13.0,6.0,-7.0
2026-02-18,VIX,CBOE MKT VOLATILITY IDX,,Volatility,-7.0,-11.0,-4.0
2026-02-18,VLO,VALERO ENERGY ,Energy,Energy,55.0,-3.0,-58.0
2026-02-18,VLTO,VERALTO ,Industrials,Industrials,11.0,4.0,-7.0
2026-02-18,VMC,VULCAN MATERIALS COMPANY,Materials,Materials,38.0,13.0,-25.0
2026-02-18,VNM,VANECK:VIETNAM,,Foreign,-62.0,15.0,77.0
2026-02-18,VRSK,"VERISK ANALYTICS, INC.",Industrials,Industrials,16.0,0.0,-16.0
2026-02-18,VRSN,"VERISIGN, INC.",Information Technology,Information Technology,-20.0,0.0,20.0
2026-02-18,VRTX,VERTEX PHARMACEUTICALS INC.,Health Care,Health Care,-4.0,-28.0,-24.0
2026-02-18,VST,VISTRA CORP.,Utilities,Utilities,-27.0,-31.0,-4.0
2026-02-18,VTR,"VENTAS, INC.",Real Estate,Real Estate,-73.0,-35.0,38.0
2026-02-18,VTRS,VIATRIS INC.,Health Care,Health Care,-27.0,-30.0,-3.0
2026-02-18,VXN,CBOE NASDAQ MKT VOL NDX,,Volatility,2.0,-20.0,-22.0
2026-02-18,VZ,VERIZON COMMUNICATIONS INC.,Communication Services,Communication Services,-28.0,-60.0,-32.0
2026-02-18,WAB,WESTINGHOUSE AIR BRAKE TECHNOLOGIES ,Industrials,Industrials,55.0,-20.0,-75.0
2026-02-18,WAT,WATERS ,Health Care,Health Care,-7.0,0.0,7.0
2026-02-18,WBD,"WARNER BROS. DISCOVERY, INC.",Communication Services,Communication Services,97.0,81.0,-16.0
2026-02-18,WDAY,"WORKDAY, INC.",Information Technology,Information Technology,-11.0,-0.0,11.0
2026-02-18,WDC,WESTERN DIGITAL ,Information Technology,Information Technology,33.0,42.0,9.0
2026-02-18,WEAT,TEUCRIUM:WHEAT,,Commodities,19.0,-16.0,-35.0
2026-02-18,WEC,"WEC ENERGY GROUP, INC.",Utilities,Utilities,44.0,17.0,-27.0
2026-02-18,WELL,WELLTOWER INC.,Real Estate,Real Estate,-59.0,-35.0,24.0
2026-02-18,WFC,WELLS FARGO & COMPANY,Financials,Financials,19.0,46.0,27.0
2026-02-18,WM,"WASTE MANAGEMENT, INC.",Industrials,Industrials,-69.0,-54.0,15.0
2026-02-18,WMB,"THE WILLIAMS COMPANIES, INC.",Energy,Energy,5.0,-30.0,-35.0
2026-02-18,WMT,WALMART INC.,Consumer Staples,Consumer Staples,-7.0,34.0,41.0
2026-02-18,WRB,W. R. BERKLEY ,Financials,Financials,-48.0,-44.0,4.0
2026-02-18,WSM,"WILLIAMS-SONOMA, INC.",Consumer Discretionary,Consumer Discretionary,78.0,3.0,-75.0
2026-02-18,WST,"WEST PHARMACEUTICAL SERVICES, INC.",Health Care,Health Care,-2.0,11.0,13.0
2026-02-18,WTW,WILLIS TOWERS WATSON,Financials,Financials,-56.0,0.0,56.0
2026-02-18,WY,WEYERHAEUSER COMPANY,Real Estate,Real Estate,82.0,20.0,-62.0
2026-02-18,WYNN,"WYNN RESORTS, LIMITED",Consumer Discretionary,Consumer Discretionary,-21.0,-28.0,-7.0
2026-02-18,XEL,XCEL ENERGY INC.,Utilities,Utilities,31.0,17.0,-14.0
2026-02-18,XES,SPDR S&P OIL&GAS E&S,,MR Discretion,-16.0,-51.0,-35.0
2026-02-18,XLB,SEL SECTOR:MATRLS SPDR,,Sector & Style ETFs,-7.0,-37.0,-30.0
2026-02-18,XLC,SEL SECTOR:COMM SVC SPDR,,Sector & Style ETFs,48.0,46.0,-2.0
2026-02-18,XLE,SEL SECTOR:ENERGY SPDR,,Sector & Style ETFs,-29.0,-37.0,-8.0
2026-02-18,XLF,SEL SECTOR:FINL S SPDR,,Sector & Style ETFs,26.0,44.0,18.0
2026-02-18,XLI,SEL SECTOR:INDUST SPDR,,Sector & Style ETFs,16.0,-41.0,-57.0
2026-02-18,XLK,SEL SECTOR:TECH SPDR,,Sector & Style ETFs,3.0,16.0,13.0
2026-02-18,XLP,SEL SECTOR:C STP SPDR,,Sector & Style ETFs,18.0,-17.0,-35.0
2026-02-18,XLRE,SEL SECTOR:RL EST SPDR,,Sector & Style ETFs,-46.0,-40.0,6.0
2026-02-18,XLU,SEL SECTOR:UTIL SPDR,,Sector & Style ETFs,-70.0,-35.0,35.0
2026-02-18,XLV,SEL SECTOR:H CARE SPDR,,Sector & Style ETFs,-22.0,-21.0,1.0
2026-02-18,XLY,SEL SECTOR:C DSC SPDR,,Sector & Style ETFs,45.0,36.0,-9.0
2026-02-18,XOM,EXXON MOBIL ,Energy,Energy,31.0,-6.0,-37.0
2026-02-18,XOP,SPDR S&P OIL&GAS EXP,,MR Discretion,-26.0,-35.0,-9.0
2026-02-18,XYL,XYLEM INC.,Industrials,Industrials,13.0,0.0,-13.0
2026-02-18,XYZ,"BLOCK, INC.",Financials,Financials,44.0,67.0,23.0
2026-02-18,YUM,"YUM! BRANDS, INC.",Consumer Discretionary,Consumer Discretionary,-70.0,-41.0,29.0
2026-02-18,ZBH,"ZIMMER BIOMET HOLDINGS, INC.",Health Care,Health Care,-45.0,-53.0,-8.0
2026-02-18,ZBRA,ZEBRA TECHNOLOGIES ,Information Technology,Information Technology,-35.0,-31.0,4.0
2026-02-18,ZTS,ZOETIS INC.,Health Care,Health Care,-38.0,-57.0,-19.0
