Date,Ticker,Ticker_name,Exposure,Category,model_score
2026-02-11,A,"AGILENT TECHNOLOGIES, INC.",Health Care,Health Care,40.0
2026-02-11,AAPL,APPLE INC.,Information Technology,Information Technology,-37.0
2026-02-11,ABBV,ABBVIE INC.,Health Care,Health Care,34.0
2026-02-11,ABNB,"AIRBNB, INC.",Consumer Discretionary,Consumer Discretionary,-3.0
2026-02-11,ABT,ABBOTT LABORATORIES,Health Care,Health Care,-13.0
2026-02-11,ACGL,ARCH CAPITAL GROUP LTD.,Financials,Financials,-65.0
2026-02-11,ACN,ACCENTURE PUBLIC LIMITED COMPANY,Information Technology,Information Technology,53.0
2026-02-11,ADBE,ADOBE INC.,Information Technology,Information Technology,-26.0
2026-02-11,ADI,"ANALOG DEVICES, INC.",Information Technology,Information Technology,-20.0
2026-02-11,ADM,ARCHER-DANIELS-MIDLAND COMPANY.,Consumer Staples,Consumer Staples,34.0
2026-02-11,ADP,"AUTOMATIC DATA PROCESSING, INC.",Industrials,Industrials,-13.0
2026-02-11,ADSK,"AUTODESK, INC.",Information Technology,Information Technology,-3.0
2026-02-11,AEE,AMEREN ,Utilities,Utilities,12.0
2026-02-11,AEP,"AMERICAN ELECTRIC POWER COMPANY, INC.",Utilities,Utilities,6.0
2026-02-11,AES,THE AES ,Utilities,Utilities,-46.0
2026-02-11,AFL,AFLAC INC.,Financials,Financials,-44.0
2026-02-11,AIG,"AMERICAN INTERNATIONAL GROUP, INC.",Financials,Financials,-45.0
2026-02-11,AIZ,"ASSURANT, INC.",Financials,Financials,-1.0
2026-02-11,AJG,ARTHUR J. GALLAGHER & CO.,Financials,Financials,-38.0
2026-02-11,AKAM,"AKAMAI TECHNOLOGIES, INC.",Information Technology,Information Technology,-28.0
2026-02-11,ALB,ALBEMARLE ,Materials,Materials,19.0
2026-02-11,ALGN,"ALIGN TECHNOLOGY, INC.",Health Care,Health Care,-71.0
2026-02-11,ALL,THE ALLSTATE ,Financials,Financials,-49.0
2026-02-11,ALLE,ALLEGION PUBLIC LIMITED COMPANY,Industrials,Industrials,-64.0
2026-02-11,AMAT,"APPLIED MATERIALS, INC.",Information Technology,Information Technology,49.0
2026-02-11,AMCR,AMCOR PLC,Materials,Materials,-37.0
2026-02-11,AMD,"ADVANCED MICRO DEVICES, INC.",Information Technology,Information Technology,45.0
2026-02-11,AME,"AMETEK, INC.",Industrials,Industrials,-48.0
2026-02-11,AMGN,AMGEN INC.,Health Care,Health Care,-62.0
2026-02-11,AMP,"AMERIPRISE FINANCIAL, INC.",Financials,Financials,15.0
2026-02-11,AMT,AMERICAN TOWER ,Real Estate,Real Estate,-53.0
2026-02-11,AMZN,"AMAZON.COM, INC.",Consumer Discretionary,Consumer Discretionary,0.0
2026-02-11,ANET,"ARISTA NETWORKS, INC.",Information Technology,Information Technology,-5.0
2026-02-11,AON,AON PLC,Financials,Financials,-1.0
2026-02-11,AOS,A. O. SMITH ,Industrials,Industrials,-70.0
2026-02-11,APA,APA ,Energy,Energy,-52.0
2026-02-11,APD,"AIR PRODUCTS AND CHEMICALS, INC.",Materials,Materials,-15.0
2026-02-11,APH,AMPHENOL ,Information Technology,Information Technology,71.0
2026-02-11,APO,"APOLLO GLOBAL MANAGEMENT, INC.",Financials,Financials,-25.0
2026-02-11,APP,APPLOVIN CORP,Information Technology,Information Technology,0.0
2026-02-11,APTV,APTIV PLC,Consumer Discretionary,Consumer Discretionary,27.0
2026-02-11,ARE,"ALEXANDRIA REAL ESTATE EQUITIES, INC.",Real Estate,Real Estate,-24.0
2026-02-11,ARES,ARES MANAGEMENT CORP,Financials,Financials,40.0
2026-02-11,ASC,ARDMORE SHIPPING ,,MR Discretion,-9.0
2026-02-11,ATO,ATMOS ENERGY ,Utilities,Utilities,4.0
2026-02-11,AVB,"AVALONBAY COMMUNITIES, INC.",Real Estate,Real Estate,-28.0
2026-02-11,AVGO,BROADCOM INC.,Information Technology,Information Technology,31.0
2026-02-11,AVY,AVERY DENNISON ,Materials,Materials,-12.0
2026-02-11,AWK,"AMERICAN WATER WORKS COMPANY, INC.",Utilities,Utilities,-15.0
2026-02-11,AXON,"AXON ENTERPRISE, INC.",Industrials,Industrials,0.0
2026-02-11,AXP,AMERICAN EXPRESS COMPANY,Financials,Financials,-5.0
2026-02-11,AZO,"AUTOZONE, INC.",Consumer Discretionary,Consumer Discretionary,-41.0
2026-02-11,BA,THE BOEING COMPANY,Industrials,Industrials,14.0
2026-02-11,BAC,BANK OF AMERICA ,Financials,Financials,44.0
2026-02-11,BALL,BALL ,Materials,Materials,-60.0
2026-02-11,BAX,BAXTER INTERNATIONAL INC.,Health Care,Health Care,-64.0
2026-02-11,BBY,"BEST BUY CO., INC.",Consumer Discretionary,Consumer Discretionary,-33.0
2026-02-11,BDX,"BECTON, DICKINSON AND COMPANY",Health Care,Health Care,15.0
2026-02-11,BEN,"FRANKLIN RESOURCES, INC.",Financials,Financials,-20.0
2026-02-11,BF.B,BROWN-FORMAN ,Consumer Staples,Consumer Staples,-46.0
2026-02-11,BG,BUNGE LIMITED,Consumer Staples,Consumer Staples,-23.0
2026-02-11,BIIB,BIOGEN INC.,Health Care,Health Care,-15.0
2026-02-11,BK,THE BANK OF NEW YORK MELLON ,Financials,Financials,55.0
2026-02-11,BKNG,BOOKING HOLDINGS INC.,Consumer Discretionary,Consumer Discretionary,0.0
2026-02-11,BKR,BAKER HUGHES COMPANY,Energy,Energy,-23.0
2026-02-11,BLDR,"BUILDERS FIRSTSOURCE, INC.",Industrials,Industrials,-23.0
2026-02-11,BLK,"BLACKROCK, INC.",Financials,Financials,16.0
2026-02-11,BMY,BRISTOL-MYERS SQUIBB COMPANY,Health Care,Health Care,-27.0
2026-02-11,BR,"BROADRIDGE FINANCIAL SOLUTIONS, INC.",Industrials,Industrials,-38.0
2026-02-11,BRK.B,"BERKSHIRE HATHAWAY INC.,",Financials,Financials,-14.0
2026-02-11,BRO,"BROWN & BROWN, INC.",Financials,Financials,-51.0
2026-02-11,BSX,BOSTON SCIENTIFIC ,Health Care,Health Care,0.0
2026-02-11,BTC=F,BITCOIN FUTURES,,Futures,-0.0
2026-02-11,BTI,BRITISH AMERICAN TOBACCO P.L.C.,,MR Discretion,-6.0
2026-02-11,BTU,PEABODY ENERGY ,,MR Discretion,28.0
2026-02-11,BX,BLACKSTONE INC,Financials,Financials,24.0
2026-02-11,BXP,"BOSTON PROPERTIES, INC.",Real Estate,Real Estate,35.0
2026-02-11,C,CITIGROUP INC.,Financials,Financials,23.0
2026-02-11,CAG,"CONAGRA BRANDS, INC.",Consumer Staples,Consumer Staples,-70.0
2026-02-11,CAH,"CARDINAL HEALTH, INC.",Health Care,Health Care,49.0
2026-02-11,CALM,"CAL-MAINE FOODS, INC.",,MR Discretion,-51.0
2026-02-11,CANE,TEUCRIUM:SUGAR,,Commodities,29.0
2026-02-11,CARR,CARRIER GLOBAL ,Industrials,Industrials,-9.0
2026-02-11,CAT,CATERPILLAR INC.,Industrials,Industrials,-6.0
2026-02-11,CB,CHUBB LTD,Financials,Financials,-81.0
2026-02-11,CBOE,"CBOE GLOBAL MARKETS, INC.",Financials,Financials,16.0
2026-02-11,CBRE,"CBRE GROUP, INC.",Real Estate,Real Estate,-1.0
2026-02-11,CCI,CROWN CASTLE INC.,Real Estate,Real Estate,-17.0
2026-02-11,CCJ,CAMECO ,,MR Discretion,26.0
2026-02-11,CCL,CARNIVAL CORP,Consumer Discretionary,Consumer Discretionary,6.0
2026-02-11,CDNS,"CADENCE DESIGN SYSTEMS, INC.",Information Technology,Information Technology,7.0
2026-02-11,CDW,CDW ,Information Technology,Information Technology,-20.0
2026-02-11,CEG,CONSTELLATION ENERGY,Utilities,Utilities,6.0
2026-02-11,CF,"CF INDUSTRIES HOLDINGS, INC.",Materials,Materials,-24.0
2026-02-11,CFG,"CITIZENS FINANCIAL GROUP, INC.",Financials,Financials,5.0
2026-02-11,CHD,"CHURCH & DWIGHT CO., INC.",Consumer Staples,Consumer Staples,-35.0
2026-02-11,CHRW,"C.H. ROBINSON WORLDWIDE, INC.",Industrials,Industrials,28.0
2026-02-11,CHTR,"CHARTER COMMUNICATIONS, INC.",Communication Services,Communication Services,-27.0
2026-02-11,CI,THE CIGNA GROUP,Health Care,Health Care,-33.0
2026-02-11,CIEN,CIENA CORPORATION,Information Technology,Information Technology,61.0
2026-02-11,CINF,CINCINNATI FINANCIAL ,Financials,Financials,44.0
2026-02-11,CL,COLGATE-PALMOLIVE COMPANY,Consumer Staples,Consumer Staples,-60.0
2026-02-11,CLX,THE CLOROX COMPANY,Consumer Staples,Consumer Staples,-27.0
2026-02-11,CMBT,CMB.TECH NV,,MR Discretion,-38.0
2026-02-11,CMCSA,COMCAST ,Communication Services,Communication Services,-26.0
2026-02-11,CME,CME GROUP INC.,Financials,Financials,-43.0
2026-02-11,CMG,"CHIPOTLE MEXICAN GRILL, INC.",Consumer Discretionary,Consumer Discretionary,-43.0
2026-02-11,CMI,CUMMINS INC.,Industrials,Industrials,25.0
2026-02-11,CMRE,COSTAMARE INC.,,MR Discretion,35.0
2026-02-11,CMS,CMS ENERGY ,Utilities,Utilities,-30.0
2026-02-11,CNC,CENTENE ,Health Care,Health Care,4.0
2026-02-11,CNP,"CENTERPOINT ENERGY, INC.",Utilities,Utilities,-16.0
2026-02-11,CNR,"CORE NATURAL RESOURCES, INC.",,MR Discretion,29.0
2026-02-11,COF,CAPITAL ONE FINANCIAL ,Financials,Financials,26.0
2026-02-11,COIN,"COINBASE GLOBAL, INC.",Financials,Financials,-24.0
2026-02-11,COMT,ISHARES:GSCI COMM DYN RS,,Commodities,15.0
2026-02-11,COO,"THE COOPER COMPANIES, INC.",Health Care,Health Care,-14.0
2026-02-11,COP,CONOCOPHILLIPS,Energy,Energy,-54.0
2026-02-11,COR,"CENCORA, INC.",Health Care,Health Care,22.0
2026-02-11,CORN,TEUCRIUM:CORN,,Commodities,-14.0
2026-02-11,COST,COSTCO WHOLESALE ,Consumer Staples,Consumer Staples,-29.0
2026-02-11,CPAY,"FLEETCOR TECHNOLOGIES, INC.",Financials,Financials,-53.0
2026-02-11,CPB,CAMPBELL SOUP COMPANY,Consumer Staples,Consumer Staples,-77.0
2026-02-11,CPER,UNITED STATES COPPER IDX,,Commodities,37.0
2026-02-11,CPRT,"COPART, INC.",Industrials,Industrials,3.0
2026-02-11,CPT,CAMDEN PROPERTY TRUST,Real Estate,Real Estate,-25.0
2026-02-11,CRESY,CRESUD INC.,,MR Discretion,44.0
2026-02-11,CRH,CRH PUBLIC LIMITED COMPANY,Materials,Materials,-1.0
2026-02-11,CRL,CHARLES RIVER LABORATORIES,Health Care,Health Care,11.0
2026-02-11,CRM,"SALESFORCE, INC.",Information Technology,Information Technology,25.0
2026-02-11,CRWD,"CROWDSTRIKE HOLDINGS, INC.",Information Technology,Information Technology,12.0
2026-02-11,CSCO,"CISCO SYSTEMS, INC.",Information Technology,Information Technology,-16.0
2026-02-11,CSGP,"COSTAR GROUP, INC.",Real Estate,Real Estate,0.0
2026-02-11,CSX,CSX ,Industrials,Industrials,-2.0
2026-02-11,CTAS,CINTAS ,Industrials,Industrials,-7.0
2026-02-11,CTRA,COTERRA ENERGY INC.,Energy,Energy,-2.0
2026-02-11,CTSH,COGNIZANT TECHNOLOGY SOLUTIONS ,Information Technology,Information Technology,64.0
2026-02-11,CTVA,"CORTEVA, INC.",Materials,Materials,-41.0
2026-02-11,CVNA,CARVANA CO.,Consumer Discretionary,Consumer Discretionary,-13.0
2026-02-11,CVS,CVS HEALTH ,Health Care,Health Care,13.0
2026-02-11,CVX,CHEVRON ,Energy,Energy,-8.0
2026-02-11,D,"DOMINION ENERGY, INC.",Utilities,Utilities,-22.0
2026-02-11,DAL,"DELTA AIR LINES, INC.",Industrials,Industrials,8.0
2026-02-11,DASH,"DOORDASH, INC.",Consumer Discretionary,Consumer Discretionary,-23.0
2026-02-11,DBA,INVESCO DB MS AGRI,,Commodities,-35.0
2026-02-11,DBB,INVESCO DB MS BMTL,,Commodities,69.0
2026-02-11,DBC,INVESCO DB CM IDX,,Commodities,7.0
2026-02-11,DD,"DUPONT DE NEMOURS, INC.",Materials,Materials,-17.0
2026-02-11,DDOG,"DATADOG, INC.",Information Technology,Information Technology,-22.0
2026-02-11,DE,DEERE & COMPANY,Industrials,Industrials,-22.0
2026-02-11,DECK,DECKERS OUTDOOR ,Consumer Discretionary,Consumer Discretionary,-20.0
2026-02-11,DELL,DELL TECHNOLOGIES INC.,Information Technology,Information Technology,3.0
2026-02-11,DG,DOLLAR GENERAL ,Consumer Staples,Consumer Staples,44.0
2026-02-11,DGX,QUEST DIAGNOSTICS INC.,Health Care,Health Care,-30.0
2026-02-11,DHI,"D.R. HORTON, INC.",Consumer Discretionary,Consumer Discretionary,7.0
2026-02-11,DHR,DANAHER ,Health Care,Health Care,18.0
2026-02-11,DHT,"DHT HOLDINGS, INC.",,MR Discretion,-9.0
2026-02-11,DIA,SPDR DOW JONES INDUS AVG,,Sector & Style ETFs,-28.0
2026-02-11,DIS,THE WALT DISNEY COMPANY,Communication Services,Communication Services,5.0
2026-02-11,DJI,DOW JONES INDUSTRIAL AVG INDEX,,Indices,-34.0
2026-02-11,DLR,"DIGITAL REALTY TRUST, INC.",Real Estate,Real Estate,1.0
2026-02-11,DLTR,"DOLLAR TREE, INC.",Consumer Staples,Consumer Staples,12.0
2026-02-11,DOC,"HEALTHDOC PROPERTIES, INC.",Real Estate,Real Estate,29.0
2026-02-11,DOV,DOVER ,Industrials,Industrials,-81.0
2026-02-11,DOW,DOW INC.,Materials,Materials,-43.0
2026-02-11,DPZ,"DOMINO'S PIZZA, INC.",Consumer Discretionary,Consumer Discretionary,14.0
2026-02-11,DRI,"DARDEN RESTAURANTS, INC.",Consumer Discretionary,Consumer Discretionary,-3.0
2026-02-11,DTE,DTE ENERGY COMPANY,Utilities,Utilities,-17.0
2026-02-11,DUK,DUKE ENERGY ,Utilities,Utilities,-30.0
2026-02-11,DVA,DAVITA INC.,Health Care,Health Care,-92.0
2026-02-11,DVN,DEVON ENERGY ,Energy,Energy,-45.0
2026-02-11,DXCM,"DEXCOM, INC.",Health Care,Health Care,-8.0
2026-02-11,DXY,US DOLLAR INDEX,USD,Indices,28.0
2026-02-11,EA,ELECTRONIC ARTS INC.,Communication Services,Communication Services,65.0
2026-02-11,EBAY,EBAY INC.,Consumer Discretionary,Consumer Discretionary,0.0
2026-02-11,EC,ECOPETROL SA,,MR Discretion,-3.0
2026-02-11,ECH,ISHARES:MSCI CHILE,,Foreign,5.0
2026-02-11,ECL,ECOLAB INC.,Materials,Materials,-35.0
2026-02-11,ED,"CONSOLIDATED EDISON, INC.",Utilities,Utilities,-48.0
2026-02-11,EDEN,ISHARES:MSCI DENMARK,,Foreign,64.0
2026-02-11,EDV,VANGUARD EXT DUR T;ETF,Bonds,Bonds,17.0
2026-02-11,EFNL,ISHARES:MSCI FINLAND,,Foreign,15.0
2026-02-11,EFX,EQUIFAX INC.,Industrials,Industrials,-17.0
2026-02-11,EG,"EVEREST GROUP, LTD.",Financials,Financials,-7.0
2026-02-11,EIDO,ISHARES:MSCI INDONESIA,,Foreign,39.0
2026-02-11,EIRL,ISHARES:MSCI IRELAND,,Foreign,18.0
2026-02-11,EIS,ISHARES:MSCI ISRAEL,,Foreign,27.0
2026-02-11,EIX,EDISON INTERNATIONAL,Utilities,Utilities,-43.0
2026-02-11,EL,THE ESTEE LAUDER COMPANIES INC.,Consumer Staples,Consumer Staples,39.0
2026-02-11,ELV,"ELEVANCE HEALTH, INC.",Health Care,Health Care,38.0
2026-02-11,EME,"EMCOR GROUP, INC.",Industrials,Industrials,1.0
2026-02-11,EMR,EMERSON ELECTRIC CO.,Industrials,Industrials,18.0
2026-02-11,ENZL,ISHARES:MSCI NEW ZLND,,Foreign,13.0
2026-02-11,EOG,"EOG RESOURCES, INC.",Energy,Energy,-43.0
2026-02-11,EPAM,"EPAM SYSTEMS, INC.",Information Technology,Information Technology,31.0
2026-02-11,EPHE,ISHARES:MSCI PHILIPPINES,,Foreign,-27.0
2026-02-11,EPOL,ISHARES:MSCI POLAND,,Foreign,22.0
2026-02-11,EPU,ISHARES:MSCI PERU,,Foreign,35.0
2026-02-11,EQIX,"EQUINIX, INC.",Real Estate,Real Estate,6.0
2026-02-11,EQR,EQUITY RESIDENTIAL,Real Estate,Real Estate,-70.0
2026-02-11,EQT,EQT ,Energy,Energy,-27.0
2026-02-11,ERIE,ERIE INDEMNITY COMPANY,Financials,Financials,-86.0
2026-02-11,ES,EVERSOURCE ENERGY,Utilities,Utilities,-9.0
2026-02-11,ES=F,E-MINI S&P 500 FUTURES,,Futures,8.0
2026-02-11,ESS,"ESSEX PROPERTY TRUST, INC.",Real Estate,Real Estate,-53.0
2026-02-11,ETN,EATON  PUBLIC LIMITED COMPANY,Industrials,Industrials,-20.0
2026-02-11,ETR,ENTERGY ,Utilities,Utilities,-1.0
2026-02-11,EVRG,"EVERGY, INC.",Utilities,Utilities,-14.0
2026-02-11,EW,EDWARDS LIFESCIENCES ,Health Care,Health Care,30.0
2026-02-11,EWA,ISHARES:MSCI AUSTRALIA,,Foreign,-27.0
2026-02-11,EWC,ISHARES:MSCI CANADA,,Foreign,38.0
2026-02-11,EWD,ISHARES:MSCI SWEDEN,,Foreign,16.0
2026-02-11,EWG,ISHARES:MSCI GERMANY,,Foreign,27.0
2026-02-11,EWH,ISHARES:MSCI HONG KONG,,Foreign,14.0
2026-02-11,EWI,ISHARES:MSCI ITALY,,Foreign,8.0
2026-02-11,EWJ,ISHARES:MSCI JAPAN,,Foreign,-20.0
2026-02-11,EWK,ISHARES:MSCI BELGIUM,,Foreign,-11.0
2026-02-11,EWL,ISHARES:MSCI SWITZERLAND,,Foreign,-49.0
2026-02-11,EWM,ISHARES:MSCI MALAYSIA,,Foreign,20.0
2026-02-11,EWN,ISHARES:MSCI NETHERLANDS,,Foreign,-3.0
2026-02-11,EWO,ISHARES:MSCI AUSTRIA,,Foreign,51.0
2026-02-11,EWP,ISHARES:MSCI SPAIN,,Foreign,26.0
2026-02-11,EWQ,ISHARES:MSCI FRANCE,,Foreign,-22.0
2026-02-11,EWS,ISHARES:MSCI SINGAPORE,,Foreign,-9.0
2026-02-11,EWT,ISHARES:MSCI TAIWAN,,Foreign,-41.0
2026-02-11,EWU,ISHARES:MSCI UK,,Foreign,-31.0
2026-02-11,EWW,ISHARES:MSCI MEXICO,,Foreign,-27.0
2026-02-11,EWY,ISHARES:MSCI S KOREA,,Foreign,58.0
2026-02-11,EWZ,ISHARES:MSCI BRAZIL,,Foreign,-34.0
2026-02-11,EXC,EXELON ,Utilities,Utilities,-16.0
2026-02-11,EXE,EXPAND ENERGY ,Energy,Energy,2.0
2026-02-11,EXPD,EXPEDITORS INTERNATIONAL OF WASHINGTON,Industrials,Industrials,60.0
2026-02-11,EXPE,"EXPEDIA GROUP, INC.",Consumer Discretionary,Consumer Discretionary,0.0
2026-02-11,EXR,EXTRA SPACE STORAGE INC.,Real Estate,Real Estate,15.0
2026-02-11,F,FORD MOTOR COMPANY,Consumer Discretionary,Consumer Discretionary,39.0
2026-02-11,FANG,"DIAMONDBACK ENERGY, INC.",Energy,Energy,-53.0
2026-02-11,FAST,FASTENAL COMPANY,Industrials,Industrials,-79.0
2026-02-11,FCX,FREEPORT-MCMORAN INC.,Materials,Materials,18.0
2026-02-11,FDS,FACTSET RESEARCH SYSTEMS INC.,Financials,Financials,0.0
2026-02-11,FDX,FEDEX ,Industrials,Industrials,-56.0
2026-02-11,FE,FIRSTENERGY CORP.,Utilities,Utilities,-14.0
2026-02-11,FFIV,"F5, INC.",Information Technology,Information Technology,11.0
2026-02-11,FICO,FAIR ISAAC ,Information Technology,Information Technology,-13.0
2026-02-11,FIS,FIDELITY NATIONAL INFORMATION SERVICES,Financials,Financials,-5.0
2026-02-11,FISV,"FISERV, INC.",Financials,Financials,-35.0
2026-02-11,FITB,FIFTH THIRD BANCORP,Financials,Financials,-62.0
2026-02-11,FIX,"COMFORT SYSTEMS USA, INC.",Industrials,Industrials,53.0
2026-02-11,FOXA,FOX ,Communication Services,Communication Services,-0.0
2026-02-11,FRO,FRONTLINE PLC,,MR Discretion,-7.0
2026-02-11,FRT,FEDERAL REALTY INVESTMENT TRUST,Real Estate,Real Estate,-17.0
2026-02-11,FSLR,"FIRST SOLAR, INC.",Information Technology,Information Technology,40.0
2026-02-11,FTI,TECHNIPFMC PLC,,MR Discretion,7.0
2026-02-11,FTNT,"FORTINET, INC.",Information Technology,Information Technology,-27.0
2026-02-11,FTV,FORTIVE ,Industrials,Industrials,-10.0
2026-02-11,FVX,5 YR TSY YLD NDX,Yields,Yields,-39.0
2026-02-11,FXA,INVESCO:AU DOLLAR,,Currencies,-16.0
2026-02-11,FXB,INVESCO:GBP STERLING,,Currencies,29.0
2026-02-11,FXC,INVESCO:CANADIAN DOLLAR,,Currencies,-17.0
2026-02-11,FXE,INVESCO:EURO,,Currencies,14.0
2026-02-11,FXY,INVESCO:JAPANESE YEN,,Currencies,15.0
2026-02-11,GD,GENERAL DYNAMICS ,Industrials,Industrials,-2.0
2026-02-11,GDDY,GODADDY INC.,Information Technology,Information Technology,-9.0
2026-02-11,GDX,VANECK:GOLD MINERS,,Commodities,29.0
2026-02-11,GDXJ,VANECK:JR GOLD MINERS,,Commodities,29.0
2026-02-11,GE,GENERAL ELECTRIC COMPANY,Industrials,Industrials,38.0
2026-02-11,GEHC,GE HEALTHCARE TECHNOLOGIES INC.,Health Care,Health Care,4.0
2026-02-11,GEN,GEN DIGITAL INC.,Information Technology,Information Technology,-12.0
2026-02-11,GEOS,GEOSPACE TECHNOLOGIES ,,MR Discretion,-0.0
2026-02-11,GEV,GE VERNOVA INC.,Industrials,Industrials,15.0
2026-02-11,GGB,GERDAU SA,,MR Discretion,15.0
2026-02-11,GILD,"GILEAD SCIENCES, INC.",Health Care,Health Care,-51.0
2026-02-11,GIS,"GENERAL MILLS, INC.",Consumer Staples,Consumer Staples,-36.0
2026-02-11,GL,GLOBE LIFE INC.,Financials,Financials,-3.0
2026-02-11,GLATF,GLOBAL ATOMIC ,,MR Discretion,11.0
2026-02-11,GLD,SPDR GOLD,Gold,Commodities,-8.0
2026-02-11,GLW,CORNING INC.,Information Technology,Information Technology,6.0
2026-02-11,GM,GENERAL MOTORS COMPANY,Consumer Discretionary,Consumer Discretionary,31.0
2026-02-11,GNK,GENCO SHIPPING & TRADING LIMITED,,MR Discretion,-33.0
2026-02-11,GNRC,GENERAC HOLDINGS INC.,Industrials,Industrials,-24.0
2026-02-11,GOOGL,ALPHABET INC.,Communication Services,Communication Services,60.0
2026-02-11,GPC,GENUINE PARTS COMPANY,Consumer Discretionary,Consumer Discretionary,-17.0
2026-02-11,GPN,GLOBAL PAYMENTS INC.,Financials,Financials,33.0
2026-02-11,GREK,GLBL X MSCI GREECE,,Foreign,26.0
2026-02-11,GRMN,GARMIN LTD,Consumer Discretionary,Consumer Discretionary,32.0
2026-02-11,GS,"THE GOLDMAN SACHS GROUP, INC.",Financials,Financials,16.0
2026-02-11,GWW,"W.W. GRAINGER, INC.",Industrials,Industrials,-60.0
2026-02-11,HAL,HALLIBURTON COMPANY,Energy,Energy,-17.0
2026-02-11,HAS,"HASBRO, INC.",Consumer Discretionary,Consumer Discretionary,-37.0
2026-02-11,HBAN,HUNTINGTON BANCSHARES INC.,Financials,Financials,42.0
2026-02-11,HCA,"HCA HEALTHCARE, INC.",Health Care,Health Care,-9.0
2026-02-11,HD,"THE HOME DEPOT, INC.",Consumer Discretionary,Consumer Discretionary,-36.0
2026-02-11,HIG,THE HARTFORD FINANCIAL SERVICES GROUP,Financials,Financials,-33.0
2026-02-11,HII,"HUNTINGTON INGALLS INDUSTRIES, INC.",Industrials,Industrials,28.0
2026-02-11,HLT,HILTON WORLDWIDE HOLDINGS INC.,Consumer Discretionary,Consumer Discretionary,-23.0
2026-02-11,HLX,"HELIX ENERGY SOLUTIONS GROUP, INC.",,MR Discretion,-2.0
2026-02-11,HOLX,"HOLOGIC, INC.",Health Care,Health Care,-13.0
2026-02-11,HON,HONEYWELL INTERNATIONAL INC.,Industrials,Industrials,-43.0
2026-02-11,HOOD,"ROBINHOOD MARKETS, INC.",Financials,Financials,-0.0
2026-02-11,HPE,HEWLETT PACKARD ENTERPRISE COMPANY,Information Technology,Information Technology,15.0
2026-02-11,HPQ,HP INC.,Information Technology,Information Technology,26.0
2026-02-11,HRL,HORMEL FOODS ,Consumer Staples,Consumer Staples,4.0
2026-02-11,HSIC,"HENRY SCHEIN, INC.",Health Care,Health Care,4.0
2026-02-11,HST,"HOST HOTELS & RESORTS, INC.",Real Estate,Real Estate,-9.0
2026-02-11,HSY,THE HERSHEY COMPANY,Consumer Staples,Consumer Staples,-60.0
2026-02-11,HUBB,HUBBELL INC.,Industrials,Industrials,6.0
2026-02-11,HUM,HUMANA INC.,Health Care,Health Care,33.0
2026-02-11,HWM,HOWMET AEROSPACE INC.,Industrials,Industrials,38.0
2026-02-11,HYD,VANECK:HIGH YIELD MUNI,,Bonds,12.0
2026-02-11,HYG,ISHARES:IBOXX $HY CORP,Bonds,Bonds,7.0
2026-02-11,IBKR,"INTERACTIVE BROKERS GROUP, INC.",Financials,Financials,28.0
2026-02-11,IBM,INTERNATIONAL BUSINESS MACHINES ,Information Technology,Information Technology,11.0
2026-02-11,ICE,"INTERCONTINENTAL EXCHANGE, INC.",Financials,Financials,2.0
2026-02-11,ICL,ICL GROUP LTD,,MR Discretion,-7.0
2026-02-11,IDXX,"IDEXX LABORATORIES, INC.",Health Care,Health Care,32.0
2026-02-11,IEF,ISHARES:7-10 TRS BD ETF,Bonds,Bonds,20.0
2026-02-11,IEX,IDEX ,Industrials,Industrials,-37.0
2026-02-11,IFF,INTERNATIONAL FLAVORS & FRAGRANCES INC.,Materials,Materials,-46.0
2026-02-11,INCY,INCYTE ,Health Care,Health Care,31.0
2026-02-11,INDA,ISHARES:MSCI INDIA,,Foreign,-34.0
2026-02-11,INTC,INTEL ,Information Technology,Information Technology,19.0
2026-02-11,INTU,INTUIT INC.,Information Technology,Information Technology,11.0
2026-02-11,INVH,INVITATION HOMES INC.,Real Estate,Real Estate,-40.0
2026-02-11,IP,INTERNATIONAL PAPER COMPANY,Materials,Materials,-60.0
2026-02-11,IQV,IQVIA HOLDINGS INC,Health Care,Health Care,0.0
2026-02-11,IR,INGERSOLL RAND INC.,Industrials,Industrials,-79.0
2026-02-11,IRM,IRON MOUNTAIN INC.,Real Estate,Real Estate,-12.0
2026-02-11,ISRG,"INTUITIVE SURGICAL, INC.",Health Care,Health Care,-20.0
2026-02-11,IT,"GARTNER, INC.",Information Technology,Information Technology,0.0
2026-02-11,ITW,ILLINOIS TOOL WORKS INC.,Industrials,Industrials,-70.0
2026-02-11,IVZ,INVESCO LTD.,Financials,Financials,37.0
2026-02-11,IWD,ISHARES:RUSS 1000 VL ETF,,Sector & Style ETFs,-40.0
2026-02-11,IWF,ISHARES:RUSS 1000 GR ETF,,Sector & Style ETFs,31.0
2026-02-11,IWM,ISHARES:RUSS 2000 ETF,,Sector & Style ETFs,-3.0
2026-02-11,J,JACOBS SOLUTIONS INC.,Industrials,Industrials,14.0
2026-02-11,JBHT,"J. B. HUNT TRANSPORT SERVICES, INC.",Industrials,Industrials,-20.0
2026-02-11,JBL,JABIL INC.,Information Technology,Information Technology,33.0
2026-02-11,JCI,JOHNSON CONTROLS INTERNATIONAL PLC,Industrials,Industrials,-37.0
2026-02-11,JKHY,"JACK HENRY & ASSOCIATES, INC.",Financials,Financials,22.0
2026-02-11,JNJ,JOHNSON & JOHNSON,Health Care,Health Care,-19.0
2026-02-11,JNK,SPDR BBG HIGH YIELD BD,,Bonds,7.0
2026-02-11,JPM,JPMORGAN CHASE & CO.,Financials,Financials,11.0
2026-02-11,KDP,KEURIG DR PEPPER INC.,Consumer Staples,Consumer Staples,-20.0
2026-02-11,KEY,KEYCORP,Financials,Financials,39.0
2026-02-11,KEYS,"KEYSIGHT TECHNOLOGIES, INC.",Information Technology,Information Technology,-2.0
2026-02-11,KHC,THE KRAFT HEINZ COMPANY,Consumer Staples,Consumer Staples,-24.0
2026-02-11,KIM,KIMCO REALTY .,Real Estate,Real Estate,-35.0
2026-02-11,KKR,KKR & CO. INC.,Financials,Financials,-5.0
2026-02-11,KLAC,KLA ,Information Technology,Information Technology,50.0
2026-02-11,KMB,KIMBERLY-CLARK ,Consumer Staples,Consumer Staples,-9.0
2026-02-11,KMI,"KINDER MORGAN, INC.",Energy,Energy,-45.0
2026-02-11,KO,THE COCA-COLA COMPANY,Consumer Staples,Consumer Staples,-30.0
2026-02-11,KR,THE KROGER CO.,Consumer Staples,Consumer Staples,-35.0
2026-02-11,KVUE,KENVUE INC.,Consumer Staples,Consumer Staples,-64.0
2026-02-11,L,LOEWS ,Financials,Financials,-11.0
2026-02-11,LDOS,"LEIDOS HOLDINGS, INC.",Industrials,Industrials,-38.0
2026-02-11,LEN,LENNAR ,Consumer Discretionary,Consumer Discretionary,7.0
2026-02-11,LH,LABORATORY  OF AMERICA HOLDINGS,Health Care,Health Care,-20.0
2026-02-11,LHX,"L3HARRIS TECHNOLOGIES, INC.",Industrials,Industrials,-18.0
2026-02-11,LII,LENNOX INTERNATIONAL INC.,Industrials,Industrials,-41.0
2026-02-11,LIN,LINDE PUBLIC LIMITED COMPANY,Materials,Materials,-43.0
2026-02-11,LLY,ELI LILLY AND COMPANY,Health Care,Health Care,-14.0
2026-02-11,LMT,LOCKHEED MARTIN ,Industrials,Industrials,14.0
2026-02-11,LNT,ALLIANT ENERGY ,Utilities,Utilities,-10.0
2026-02-11,LOW,"LOWE'S COMPANIES, INC.",Consumer Discretionary,Consumer Discretionary,-3.0
2026-02-11,LQD,ISHARES:IBOXX $IG CORP,Bonds,Bonds,-5.0
2026-02-11,LRCX,LAM RESEARCH ,Information Technology,Information Technology,50.0
2026-02-11,LULU,LULULEMON ATHLETICA INC.,Consumer Discretionary,Consumer Discretionary,-34.0
2026-02-11,LUV,SOUTHWEST AIRLINES CO.,Industrials,Industrials,16.0
2026-02-11,LVS,LAS VEGAS SANDS CORP.,Consumer Discretionary,Consumer Discretionary,8.0
2026-02-11,LW,"LAMB WESTON HOLDINGS, INC.",Consumer Staples,Consumer Staples,-9.0
2026-02-11,LYB,LYONDELLBASELL INDUSTRIES NV,Materials,Materials,-43.0
2026-02-11,LYV,"LIVE NATION ENTERTAINMENT, INC.",Communication Services,Communication Services,15.0
2026-02-11,MA,MASTERCARD INC..,Financials,Financials,-22.0
2026-02-11,MAA,"MID-AMERICA APARTMENT COMMUNITIES, INC.",Real Estate,Real Estate,10.0
2026-02-11,MAR,"MARRIOTT INTERNATIONAL, INC.",Consumer Discretionary,Consumer Discretionary,-32.0
2026-02-11,MAS,MASCO ,Industrials,Industrials,-32.0
2026-02-11,MCD,MCDONALD'S ,Consumer Discretionary,Consumer Discretionary,-43.0
2026-02-11,MCHI,ISHARES:MSCI CHINA,,Foreign,47.0
2026-02-11,MCHP,MICROCHIP TECHNOLOGY INC.,Information Technology,Information Technology,-10.0
2026-02-11,MCK,MCKESSON ,Health Care,Health Care,-27.0
2026-02-11,MCO,MOODY'S ,Financials,Financials,0.0
2026-02-11,MDLZ,"MONDELEZ INTERNATIONAL, INC.",Consumer Staples,Consumer Staples,-9.0
2026-02-11,MDT,MEDTRONIC PUBLIC LIMITED COMPANY,Health Care,Health Care,-7.0
2026-02-11,MDY,SPDR S&P MIDCAP 400 ETF,,Sector & Style ETFs,5.0
2026-02-11,MET,"METLIFE, INC.",Financials,Financials,-58.0
2026-02-11,META,"META PLATFORMS, INC.",Communication Services,Communication Services,-5.0
2026-02-11,MGM,MGM RESORTS INTERNATIONAL,Consumer Discretionary,Consumer Discretionary,-10.0
2026-02-11,MKC,"MCCORMICK & COMPANY, INC.",Consumer Staples,Consumer Staples,-31.0
2026-02-11,MLM,"MARTIN MARIETTA MATERIALS, INC.",Materials,Materials,15.0
2026-02-11,MMM,3M COMPANY,Industrials,Industrials,-17.0
2026-02-11,MNST,MONSTER BEVERAGE ,Consumer Staples,Consumer Staples,24.0
2026-02-11,MO,"ALTRIA GROUP, INC.",Consumer Staples,Consumer Staples,-26.0
2026-02-11,MOH,"MOLINA HEALTHCARE, INC.",Health Care,Health Care,64.0
2026-02-11,MOS,THE MOSAIC COMPANY,Materials,Materials,-14.0
2026-02-11,MP,MP MATERIALS CORP,,MR Discretion,9.0
2026-02-11,MPC,MARATHON PETROLEUM ,Energy,Energy,-40.0
2026-02-11,MPWR,"MONOLITHIC POWER SYSTEMS, INC.",Information Technology,Information Technology,3.0
2026-02-11,MRK,"MERCK & CO., INC.",Health Care,Health Care,-54.0
2026-02-11,MRNA,"MODERNA, INC.",Health Care,Health Care,-7.0
2026-02-11,MRSH,"MARSH & MCLENNAN COMPANIES, INC.",Financials,Financials,-8.0
2026-02-11,MS,MORGAN STANLEY,Financials,Financials,31.0
2026-02-11,MSCI,MSCI INC.,Financials,Financials,-6.0
2026-02-11,MSFT,MICROSOFT ,Information Technology,Information Technology,85.0
2026-02-11,MSI,"MOTOROLA SOLUTIONS, INC.",Information Technology,Information Technology,-43.0
2026-02-11,MTB,M&T BANK ,Financials,Financials,-52.0
2026-02-11,MTCH,"MATCH GROUP, INC.",Communication Services,Communication Services,3.0
2026-02-11,MTD,METTLER-TOLEDO INTERNATIONAL INC.,Health Care,Health Care,39.0
2026-02-11,MTUM,ISHARES:MSCI USA MOM FCT,,Sector & Style ETFs,-2.0
2026-02-11,MU,"MICRON TECHNOLOGY, INC.",Information Technology,Information Technology,5.0
2026-02-11,MUB,ISHARES:NATL MUNI BOND,,Bonds,29.0
2026-02-11,NCLH,NORWEGIAN CRUISE LINE HOLDINGS LTD.,Consumer Discretionary,Consumer Discretionary,-5.0
2026-02-11,NDAQ,"NASDAQ, INC.",Financials,Financials,0.0
2026-02-11,NDSN,NORDSON ,Industrials,Industrials,-20.0
2026-02-11,NDX,NASDAQ 100 INDEX,,Indices,-4.0
2026-02-11,NEE,"NEXTERA ENERGY, INC.",Utilities,Utilities,-23.0
2026-02-11,NEM,NEWMONT ,Materials,Materials,26.0
2026-02-11,NFLX,"NETFLIX, INC.",Communication Services,Communication Services,-13.0
2026-02-11,NI,NISOURCE INC.,Utilities,Utilities,38.0
2026-02-11,NKE,"NIKE, INC.",Consumer Discretionary,Consumer Discretionary,-1.0
2026-02-11,NOC,NORTHROP GRUMMAN ,Industrials,Industrials,3.0
2026-02-11,NORW,GLBL X MSCI NORWAY ETF,,Foreign,-12.0
2026-02-11,NOV,NOV INC.,,MR Discretion,-35.0
2026-02-11,NOW,"SERVICENOW, INC.",Information Technology,Information Technology,-21.0
2026-02-11,NQ=F,NASDAQ 100 FUTURES,,Futures,32.0
2026-02-11,NRG,"NRG ENERGY, INC.",Utilities,Utilities,3.0
2026-02-11,NSC,NORFOLK SOUTHERN ,Industrials,Industrials,-68.0
2026-02-11,NTAP,"NETAPP, INC.",Information Technology,Information Technology,-27.0
2026-02-11,NTRS,NORTHERN TRUST ,Financials,Financials,29.0
2026-02-11,NUE,NUCOR ,Materials,Materials,-54.0
2026-02-11,NVDA,NVIDIA ,Information Technology,Information Technology,3.0
2026-02-11,NVR,"NVR, INC.",Consumer Discretionary,Consumer Discretionary,-72.0
2026-02-11,NWSA,NEWS CORP.,Communication Services,Communication Services,0.0
2026-02-11,NXPI,NXP SEMICONDUCTORS NV,Information Technology,Information Technology,-27.0
2026-02-11,O,REALTY INCOME ,Real Estate,Real Estate,-37.0
2026-02-11,ODFL,"OLD DOMINION FREIGHT LINE, INC.",Industrials,Industrials,-31.0
2026-02-11,OEF,ISHARES:S&P 100,,Sector & Style ETFs,12.0
2026-02-11,OKE,"ONEOK, INC.",Energy,Energy,-43.0
2026-02-11,OMC,OMNICOM GROUP INC.,Communication Services,Communication Services,0.0
2026-02-11,ON,ON SEMICONDUCTOR ,Information Technology,Information Technology,-17.0
2026-02-11,ORCL,ORACLE ,Information Technology,Information Technology,5.0
2026-02-11,ORLY,"O'REILLY AUTOMOTIVE, INC.",Consumer Discretionary,Consumer Discretionary,-9.0
2026-02-11,OTIS,OTIS WORLDWIDE ,Industrials,Industrials,-28.0
2026-02-11,OXY,OCCIDENTAL PETROLEUM ,Energy,Energy,-50.0
2026-02-11,PAM,PAMPA ENERGIA SA,,MR Discretion,-14.0
2026-02-11,PANW,"PALO ALTO NETWORKS, INC.",Information Technology,Information Technology,0.0
2026-02-11,PAYC,"PAYCOM SOFTWARE, INC.",Industrials,Industrials,-3.0
2026-02-11,PAYX,"PAYCHEX, INC.",Industrials,Industrials,28.0
2026-02-11,PBR,BRAZILIAN PETROLEUM  - PETROBRAS,,MR Discretion,-77.0
2026-02-11,PCAR,PACCAR INC,Industrials,Industrials,-26.0
2026-02-11,PCG,PG&E ,Utilities,Utilities,6.0
2026-02-11,PEG,PUBLIC SERVICE ENTERPRISE GROUP INC.,Utilities,Utilities,-12.0
2026-02-11,PEP,"PEPSICO, INC.",Consumer Staples,Consumer Staples,-51.0
2026-02-11,PFE,PFIZER INC.,Health Care,Health Care,-46.0
2026-02-11,PFF,ISHARES:PREF AND INC SEC,,Bonds,-1.0
2026-02-11,PFG,"PRINCIPAL FINANCIAL GROUP, INC.",Financials,Financials,1.0
2026-02-11,PG,THE PROCTER & GAMBLE COMPANY,Consumer Staples,Consumer Staples,-43.0
2026-02-11,PGR,THE PROGRESSIVE ,Financials,Financials,-57.0
2026-02-11,PH,PARKER-HANNIFIN ,Industrials,Industrials,-3.0
2026-02-11,PHM,"PULTEGROUP, INC.",Consumer Discretionary,Consumer Discretionary,-10.0
2026-02-11,PKG,PACKAGING  OF AMERICA,Materials,Materials,-43.0
2026-02-11,PLD,"PROLOGIS, INC.",Real Estate,Real Estate,1.0
2026-02-11,PLTR,PALANTIR TECHNOLOGIES INC.,Information Technology,Information Technology,0.0
2026-02-11,PM,PHILIP MORRIS INTERNATIONAL INC.,Consumer Staples,Consumer Staples,7.0
2026-02-11,PNC,"THE PNC FINANCIAL SERVICES GROUP, INC.",Financials,Financials,-20.0
2026-02-11,PNR,PENTAIR PUBLIC LIMITED COMPANY,Industrials,Industrials,58.0
2026-02-11,PNW,PINNACLE WEST CAPITAL ,Utilities,Utilities,16.0
2026-02-11,PODD,INSULET ,Health Care,Health Care,-9.0
2026-02-11,POOL,POOL ,Consumer Discretionary,Consumer Discretionary,-23.0
2026-02-11,POWA,INVESCO BLOOMBERG PRICING POWER,,Sector & Style ETFs,-28.0
2026-02-11,PPG,"PPG INDUSTRIES, INC.",Materials,Materials,-60.0
2026-02-11,PPL,PPL ,Utilities,Utilities,-19.0
2026-02-11,PPLT,ABRDN:PHYSICAL PLATINUM,,Commodities,37.0
2026-02-11,PRU,"PRUDENTIAL FINANCIAL, INC.",Financials,Financials,47.0
2026-02-11,PSA,PUBLIC STORAGE.,Real Estate,Real Estate,-12.0
2026-02-11,PSKY,PARAMOUNT SKYDANCE ,Communication Services,Communication Services,36.0
2026-02-11,PSX,PHILLIPS 66,Energy,Energy,-66.0
2026-02-11,PTC,PTC INC.,Information Technology,Information Technology,-22.0
2026-02-11,PWR,"QUANTA SERVICES, INC.",Industrials,Industrials,18.0
2026-02-11,PYPL,"PAYPAL HOLDINGS, INC.",Financials,Financials,0.0
2026-02-11,Q,"QNITY ELECTRONICS, INC.",Information Technology,Information Technology,-18.0
2026-02-11,QAT,ISHARES:MSCI QATAR,,Foreign,-23.0
2026-02-11,QCOM,QUALCOMM INC.,Information Technology,Information Technology,-37.0
2026-02-11,QQQ,INVESCO QQQ TRUST 1,,Sector & Style ETFs,31.0
2026-02-11,QUAL,ISHARES:MSCI USA QF,,Sector & Style ETFs,-28.0
2026-02-11,RCL,ROYAL CARIBBEAN CRUISES LTD.,Consumer Discretionary,Consumer Discretionary,-12.0
2026-02-11,REG,REGENCY CENTERS ,Real Estate,Real Estate,-60.0
2026-02-11,REGN,"REGENERON PHARMACEUTICALS, INC.",Health Care,Health Care,-26.0
2026-02-11,RF,REGIONS FINANCIAL ,Financials,Financials,-32.0
2026-02-11,RIG,TRANSOCEAN LTD,,MR Discretion,-2.0
2026-02-11,RJF,"RAYMOND JAMES FINANCIAL, INC.",Financials,Financials,44.0
2026-02-11,RL,RALPH LAUREN ,Consumer Discretionary,Consumer Discretionary,20.0
2026-02-11,RMD,RESMED INC.,Health Care,Health Care,16.0
2026-02-11,ROK,"ROCKWELL AUTOMATION, INC.",Industrials,Industrials,28.0
2026-02-11,ROKU,"ROKU, INC.",,MR Discretion,49.0
2026-02-11,ROL,"ROLLINS, INC.",Industrials,Industrials,6.0
2026-02-11,ROP,"ROPER TECHNOLOGIES, INC.",Information Technology,Information Technology,27.0
2026-02-11,ROST,"ROSS STORES, INC.",Consumer Discretionary,Consumer Discretionary,25.0
2026-02-11,RSG,"REPUBLIC SERVICES, INC.",Industrials,Industrials,-35.0
2026-02-11,RSP,INVESCO S&P500 EWGHT,,Sector & Style ETFs,-12.0
2026-02-11,RTX,RTX ,Industrials,Industrials,77.0
2026-02-11,RUT,RUSSELL 2000 INDEX,,Indices,-18.0
2026-02-11,RVTY,"REVVITY, INC.",Health Care,Health Care,11.0
2026-02-11,SBAC,SBA COMMUNICATIONS ,Real Estate,Real Estate,-28.0
2026-02-11,SBLK,STAR BULK CARRIERS CORP.,,MR Discretion,-26.0
2026-02-11,SBUX,STARBUCKS ,Consumer Discretionary,Consumer Discretionary,-45.0
2026-02-11,SCHP,SCHWAB STR:US TIPS,,Bonds,-10.0
2026-02-11,SCHW,THE CHARLES SCHWAB ,Financials,Financials,2.0
2026-02-11,SD,"SANDRIDGE ENERGY, INC.",,MR Discretion,-58.0
2026-02-11,SDY,SPDR S&P DIVIDEND,,Sector & Style ETFs,-22.0
2026-02-11,SHW,THE SHERWIN-WILLIAMS COMPANY,Materials,Materials,-19.0
2026-02-11,SHY,ISHARES:1-3 TRS BD ETF,Bonds,Bonds,50.0
2026-02-11,SILJ,ETFMG PRIME JR SILVR MNR,,Commodities,19.0
2026-02-11,SJM,THE J. M. SMUCKER COMPANY,Consumer Staples,Consumer Staples,-43.0
2026-02-11,SLB,SCHLUMBERGER N.V.,Energy,Energy,-23.0
2026-02-11,SLV,ISHARES:SILVER TRUST,,Commodities,72.0
2026-02-11,SM,SM ENERGY COMPANY,,MR Discretion,4.0
2026-02-11,SMCI,"SUPER MICRO COMPUTER, INC.",Information Technology,Information Technology,-54.0
2026-02-11,SMH,VANECK:SEMICONDUCTOR,,Sector & Style ETFs,68.0
2026-02-11,SNA,SNAP-ON INC.,Industrials,Industrials,-44.0
2026-02-11,SNDK,SANDISK CORPORATION,Information Technology,Information Technology,-11.0
2026-02-11,SNPS,"SYNOPSYS, INC.",Information Technology,Information Technology,31.0
2026-02-11,SO,THE SOUTHERN COMPANY,Utilities,Utilities,-28.0
2026-02-11,SOLV,SOLVENTUM ,Health Care,Health Care,-7.0
2026-02-11,SOYB,TEUCRIUM:SOYBEAN,,Commodities,-16.0
2026-02-11,SPG,"SIMON PROPERTY GROUP, INC.",Real Estate,Real Estate,-16.0
2026-02-11,SPGI,S&P GLOBAL INC.,Financials,Financials,0.0
2026-02-11,SPHB,INVESCO S&P500 HI BE,,Sector & Style ETFs,15.0
2026-02-11,SPLV,INVESCO S&P500 LOWVL,,Sector & Style ETFs,-43.0
2026-02-11,SPX,S&P 500 INDEX,,Indices,26.0
2026-02-11,SPY,SPDR S&P 500 ETF,,Sector & Style ETFs,44.0
2026-02-11,SRE,SEMPRA,Utilities,Utilities,15.0
2026-02-11,STE,STERIS PUBLIC LIMITED COMPANY,Health Care,Health Care,-0.0
2026-02-11,STIP,ISHARES:0-5 TIPS BD ETF,Bonds,Bonds,25.0
2026-02-11,STLA,STELLANTIS NV,,MR Discretion,37.0
2026-02-11,STLD,"STEEL DYNAMICS, INC.",Materials,Materials,-51.0
2026-02-11,STNG,SCORPIO TANKERS INC.,,MR Discretion,-7.0
2026-02-11,STT,STATE STREET ,Financials,Financials,26.0
2026-02-11,STX,SEAGATE TECHNOLOGY HOLDINGS,Information Technology,Information Technology,-16.0
2026-02-11,STZ,"CONSTELLATION BRANDS, INC.",Consumer Staples,Consumer Staples,-46.0
2026-02-11,SW,SMURFIT WESTROCK PUBLIC LIMITED COMPANY,Materials,Materials,-41.0
2026-02-11,SWK,"STANLEY BLACK & DECKER, INC.",Industrials,Industrials,-41.0
2026-02-11,SWKS,"SKYWORKS SOLUTIONS, INC.",Information Technology,Information Technology,-50.0
2026-02-11,SYF,SYNCHRONY FINANCIAL,Financials,Financials,10.0
2026-02-11,SYK,STRYKER ,Health Care,Health Care,-78.0
2026-02-11,SYY,SYSCO ,Consumer Staples,Consumer Staples,-70.0
2026-02-11,T,AT&T INC.,Communication Services,Communication Services,-35.0
2026-02-11,TAGS,TEUCRIUM:AGRICULTURAL,,Commodities,-45.0
2026-02-11,TAP,MOLSON COORS BEVERAGE COMPANY,Consumer Staples,Consumer Staples,-20.0
2026-02-11,TDG,TRANSDIGM GROUP INC.,Industrials,Industrials,0.0
2026-02-11,TDW,TIDEWATER INC.,,MR Discretion,-56.0
2026-02-11,TDY,TELEDYNE TECHNOLOGIES INC.,Information Technology,Information Technology,-21.0
2026-02-11,TECH,BIO-TECHNE ,Health Care,Health Care,60.0
2026-02-11,TECK,TECK RESOURCES LIMITED,,MR Discretion,-21.0
2026-02-11,TEL,TE CONNECTIVITY LTD,Information Technology,Information Technology,38.0
2026-02-11,TER,"TERADYNE, INC.",Information Technology,Information Technology,-9.0
2026-02-11,TFC,TRUIST FINANCIAL ,Financials,Financials,-33.0
2026-02-11,TGT,TARGET ,Consumer Staples,Consumer Staples,5.0
2026-02-11,THD,ISHARES:MSCI THAI,,Foreign,-60.0
2026-02-11,TIP,ISHARES:TIPS BD ETF,Bonds,Bonds,-31.0
2026-02-11,TJX,"THE TJX COMPANIES, INC.",Consumer Discretionary,Consumer Discretionary,-10.0
2026-02-11,TKO,"TKO GROUP HOLDINGS, INC.",Communication Services,Communication Services,63.0
2026-02-11,TLT,ISHARES:20+ TRS BD ETF,Bonds,Bonds,-11.0
2026-02-11,TMO,THERMO FISHER SCIENTIFIC INC.,Health Care,Health Care,-11.0
2026-02-11,TMUS,"T-MOBILE US, INC.",Communication Services,Communication Services,-57.0
2026-02-11,TNX,10 Y TSY YLD NDX,Yields,Yields,-34.0
2026-02-11,TPL,TEXAS PACIFIC LAND ,Energy,Energy,-26.0
2026-02-11,TPR,"TAPESTRY, INC.",Consumer Discretionary,Consumer Discretionary,10.0
2026-02-11,TRGP,TARGA RESOURCES CORP.,Energy,Energy,-26.0
2026-02-11,TRMB,TRIMBLE INC.,Information Technology,Information Technology,4.0
2026-02-11,TROW,"T. ROWE PRICE GROUP, INC.",Financials,Financials,37.0
2026-02-11,TRV,"THE TRAVELERS COMPANIES, INC.",Financials,Financials,-35.0
2026-02-11,TS,TENARIS SA,,MR Discretion,-37.0
2026-02-11,TSCO,TRACTOR SUPPLY COMPANY,Consumer Discretionary,Consumer Discretionary,-48.0
2026-02-11,TSLA,"TESLA, INC.",Consumer Discretionary,Consumer Discretionary,55.0
2026-02-11,TSN,"TYSON FOODS, INC.",Consumer Staples,Consumer Staples,-14.0
2026-02-11,TT,TRANE TECHNOLOGIES PLC,Industrials,Industrials,-35.0
2026-02-11,TTD,"THE TRADE DESK, INC.",Communication Services,Communication Services,24.0
2026-02-11,TTWO,"TAKE-TWO INTERACTIVE SOFTWARE, INC.",Communication Services,Communication Services,0.0
2026-02-11,TUR,ISHARES:MSCI TURKEY,,Foreign,10.0
2026-02-11,TXN,TEXAS INSTRUMENTS INC.,Information Technology,Information Technology,-21.0
2026-02-11,TXT,TEXTRON INC.,Industrials,Industrials,-28.0
2026-02-11,TYL,"TYLER TECHNOLOGIES, INC.",Information Technology,Information Technology,-7.0
2026-02-11,TYX,30 Y TSY YLD NDX,Yields,Yields,-34.0
2026-02-11,UAL,"UNITED AIRLINES HOLDINGS, INC.",Industrials,Industrials,38.0
2026-02-11,UBER,"UBER TECHNOLOGIES, INC.",Industrials,Industrials,-35.0
2026-02-11,UDR,"UDR, INC.",Real Estate,Real Estate,-35.0
2026-02-11,UHS,"UNIVERSAL HEALTH SERVICES, INC.",Health Care,Health Care,-41.0
2026-02-11,ULTA,"ULTA BEAUTY, INC.",Consumer Discretionary,Consumer Discretionary,47.0
2026-02-11,UNG,UNITED STATES NAT GAS,Energy Complex,Commodities,-16.0
2026-02-11,UNH,UNITEDHEALTH GROUP INC.,Health Care,Health Care,8.0
2026-02-11,UNP,UNION PACIFIC ,Industrials,Industrials,-70.0
2026-02-11,UPS,"UNITED PARCEL SERVICE, INC.",Industrials,Industrials,-48.0
2026-02-11,URA,GLBL X URANIUM ETF,,Commodities,37.0
2026-02-11,URI,"UNITED RENTALS, INC.",Industrials,Industrials,18.0
2026-02-11,URNM,SPROTT URANIUM MINERS,,MR Discretion,42.0
2026-02-11,USB,U.S. BANCORP,Financials,Financials,1.0
2026-02-11,USO,UNITED STATES OIL FUND,Energy Complex,Commodities,1.0
2026-02-11,UUP,INVESCO DB USD IDX BL,,Currencies,-1.0
2026-02-11,V,VISA INC.,Financials,Financials,-5.0
2026-02-11,VAL,VALARIS LIMITED,,MR Discretion,-12.0
2026-02-11,VICI,VICI PROPERTIES INC.,Real Estate,Real Estate,1.0
2026-02-11,VIX,CBOE MKT VOLATILITY IDX,,Volatility,-36.0
2026-02-11,VLO,VALERO ENERGY ,Energy,Energy,-45.0
2026-02-11,VLTO,VERALTO ,Industrials,Industrials,0.0
2026-02-11,VMC,VULCAN MATERIALS COMPANY,Materials,Materials,-75.0
2026-02-11,VNM,VANECK:VIETNAM,,Foreign,47.0
2026-02-11,VRSK,"VERISK ANALYTICS, INC.",Industrials,Industrials,0.0
2026-02-11,VRSN,"VERISIGN, INC.",Information Technology,Information Technology,0.0
2026-02-11,VRTX,VERTEX PHARMACEUTICALS INC.,Health Care,Health Care,-26.0
2026-02-11,VST,VISTRA CORP.,Utilities,Utilities,-31.0
2026-02-11,VTR,"VENTAS, INC.",Real Estate,Real Estate,-17.0
2026-02-11,VTRS,VIATRIS INC.,Health Care,Health Care,-14.0
2026-02-11,VXN,CBOE NASDAQ MKT VOL NDX,,Volatility,-10.0
2026-02-11,VZ,VERIZON COMMUNICATIONS INC.,Communication Services,Communication Services,-17.0
2026-02-11,WAB,WESTINGHOUSE AIR BRAKE TECHNOLOGIES ,Industrials,Industrials,-2.0
2026-02-11,WAT,WATERS ,Health Care,Health Care,-29.0
2026-02-11,WBD,"WARNER BROS. DISCOVERY, INC.",Communication Services,Communication Services,52.0
2026-02-11,WDAY,"WORKDAY, INC.",Information Technology,Information Technology,-28.0
2026-02-11,WDC,WESTERN DIGITAL ,Information Technology,Information Technology,-25.0
2026-02-11,WEAT,TEUCRIUM:WHEAT,,Commodities,-16.0
2026-02-11,WEC,"WEC ENERGY GROUP, INC.",Utilities,Utilities,-12.0
2026-02-11,WELL,WELLTOWER INC.,Real Estate,Real Estate,-21.0
2026-02-11,WFC,WELLS FARGO & COMPANY,Financials,Financials,44.0
2026-02-11,WM,"WASTE MANAGEMENT, INC.",Industrials,Industrials,-35.0
2026-02-11,WMB,"THE WILLIAMS COMPANIES, INC.",Energy,Energy,-23.0
2026-02-11,WMT,WALMART INC.,Consumer Staples,Consumer Staples,-12.0
2026-02-11,WRB,W. R. BERKLEY ,Financials,Financials,-40.0
2026-02-11,WSM,"WILLIAMS-SONOMA, INC.",Consumer Discretionary,Consumer Discretionary,2.0
2026-02-11,WST,"WEST PHARMACEUTICAL SERVICES, INC.",Health Care,Health Care,50.0
2026-02-11,WTW,WILLIS TOWERS WATSON,Financials,Financials,-6.0
2026-02-11,WY,WEYERHAEUSER COMPANY,Real Estate,Real Estate,-24.0
2026-02-11,WYNN,"WYNN RESORTS, LIMITED",Consumer Discretionary,Consumer Discretionary,3.0
2026-02-11,XEL,XCEL ENERGY INC.,Utilities,Utilities,-10.0
2026-02-11,XES,SPDR S&P OIL&GAS E&S,,MR Discretion,-30.0
2026-02-11,XLB,SEL SECTOR:MATRLS SPDR,,Sector & Style ETFs,-17.0
2026-02-11,XLC,SEL SECTOR:COMM SVC SPDR,,Sector & Style ETFs,74.0
2026-02-11,XLE,SEL SECTOR:ENERGY SPDR,,Sector & Style ETFs,-54.0
2026-02-11,XLF,SEL SECTOR:FINL S SPDR,,Sector & Style ETFs,2.0
2026-02-11,XLI,SEL SECTOR:INDUST SPDR,,Sector & Style ETFs,-23.0
2026-02-11,XLK,SEL SECTOR:TECH SPDR,,Sector & Style ETFs,65.0
2026-02-11,XLP,SEL SECTOR:C STP SPDR,,Sector & Style ETFs,-59.0
2026-02-11,XLRE,SEL SECTOR:RL EST SPDR,,Sector & Style ETFs,-43.0
2026-02-11,XLU,SEL SECTOR:UTIL SPDR,,Sector & Style ETFs,-29.0
2026-02-11,XLV,SEL SECTOR:H CARE SPDR,,Sector & Style ETFs,-18.0
2026-02-11,XLY,SEL SECTOR:C DSC SPDR,,Sector & Style ETFs,45.0
2026-02-11,XOM,EXXON MOBIL ,Energy,Energy,-22.0
2026-02-11,XOP,SPDR S&P OIL&GAS EXP,,MR Discretion,-77.0
2026-02-11,XYL,XYLEM INC.,Industrials,Industrials,2.0
2026-02-11,XYZ,"BLOCK, INC.",Financials,Financials,-3.0
2026-02-11,YUM,"YUM! BRANDS, INC.",Consumer Discretionary,Consumer Discretionary,6.0
2026-02-11,ZBH,"ZIMMER BIOMET HOLDINGS, INC.",Health Care,Health Care,-2.0
2026-02-11,ZBRA,ZEBRA TECHNOLOGIES ,Information Technology,Information Technology,15.0
2026-02-11,ZTS,ZOETIS INC.,Health Care,Health Care,-33.0
