Date,Ticker,Ticker_name,Exposure,Category,model_score_wtd_change,current_model_score,previous_model_score
2026-02-02,A,"AGILENT TECHNOLOGIES, INC.",Health Care,Health Care,-15.0,-8.0,7.0
2026-02-02,AAPL,APPLE INC.,Information Technology,Information Technology,-53.0,-5.0,48.0
2026-02-02,ABBV,ABBVIE INC.,Health Care,Health Care,-6.0,21.0,27.0
2026-02-02,ABNB,"AIRBNB, INC.",Consumer Discretionary,Consumer Discretionary,-20.0,3.0,23.0
2026-02-02,ABT,ABBOTT LABORATORIES,Health Care,Health Care,10.0,10.0,0.0
2026-02-02,ACGL,ARCH CAPITAL GROUP LTD.,Financials,Financials,-40.0,-7.0,33.0
2026-02-02,ACN,ACCENTURE PUBLIC LIMITED COMPANY,Information Technology,Information Technology,-9.0,-22.0,-13.0
2026-02-02,ADBE,ADOBE INC.,Information Technology,Information Technology,76.0,50.0,-26.0
2026-02-02,ADI,"ANALOG DEVICES, INC.",Information Technology,Information Technology,48.0,34.0,-14.0
2026-02-02,ADM,ARCHER-DANIELS-MIDLAND COMPANY.,Consumer Staples,Consumer Staples,65.0,40.0,-25.0
2026-02-02,ADP,"AUTOMATIC DATA PROCESSING, INC.",Industrials,Industrials,-106.0,-39.0,67.0
2026-02-02,ADSK,"AUTODESK, INC.",Information Technology,Information Technology,-19.0,-13.0,6.0
2026-02-02,AEE,AMEREN ,Utilities,Utilities,57.0,51.0,-6.0
2026-02-02,AEP,"AMERICAN ELECTRIC POWER COMPANY, INC.",Utilities,Utilities,67.0,43.0,-24.0
2026-02-02,AES,THE AES ,Utilities,Utilities,-8.0,34.0,42.0
2026-02-02,AFL,AFLAC INC.,Financials,Financials,24.0,15.0,-9.0
2026-02-02,AIG,"AMERICAN INTERNATIONAL GROUP, INC.",Financials,Financials,-65.0,-38.0,27.0
2026-02-02,AIZ,"ASSURANT, INC.",Financials,Financials,7.0,15.0,8.0
2026-02-02,AJG,ARTHUR J. GALLAGHER & CO.,Financials,Financials,0.0,11.0,11.0
2026-02-02,AKAM,"AKAMAI TECHNOLOGIES, INC.",Information Technology,Information Technology,-18.0,-61.0,-43.0
2026-02-02,ALB,ALBEMARLE ,Materials,Materials,32.0,43.0,11.0
2026-02-02,ALGN,"ALIGN TECHNOLOGY, INC.",Health Care,Health Care,-40.0,-33.0,7.0
2026-02-02,ALL,THE ALLSTATE ,Financials,Financials,-39.0,-39.0,0.0
2026-02-02,ALLE,ALLEGION PUBLIC LIMITED COMPANY,Industrials,Industrials,17.0,-14.0,-31.0
2026-02-02,AMAT,"APPLIED MATERIALS, INC.",Information Technology,Information Technology,114.0,61.0,-53.0
2026-02-02,AMCR,AMCOR PLC,Materials,Materials,59.0,22.0,-37.0
2026-02-02,AMD,"ADVANCED MICRO DEVICES, INC.",Information Technology,Information Technology,0.0,35.0,35.0
2026-02-02,AME,"AMETEK, INC.",Industrials,Industrials,54.0,-2.0,-56.0
2026-02-02,AMGN,AMGEN INC.,Health Care,Health Care,4.0,-7.0,-11.0
2026-02-02,AMP,"AMERIPRISE FINANCIAL, INC.",Financials,Financials,-9.0,-41.0,-32.0
2026-02-02,AMT,AMERICAN TOWER ,Real Estate,Real Estate,38.0,44.0,6.0
2026-02-02,AMZN,"AMAZON.COM, INC.",Consumer Discretionary,Consumer Discretionary,11.0,-28.0,-39.0
2026-02-02,ANET,"ARISTA NETWORKS, INC.",Information Technology,Information Technology,35.0,55.0,20.0
2026-02-02,AON,AON PLC,Financials,Financials,6.0,-5.0,-11.0
2026-02-02,AOS,A. O. SMITH ,Industrials,Industrials,0.0,-32.0,-32.0
2026-02-02,APA,APA ,Energy,Energy,34.0,3.0,-31.0
2026-02-02,APD,"AIR PRODUCTS AND CHEMICALS, INC.",Materials,Materials,6.0,-21.0,-27.0
2026-02-02,APH,AMPHENOL ,Information Technology,Information Technology,21.0,32.0,11.0
2026-02-02,APO,"APOLLO GLOBAL MANAGEMENT, INC.",Financials,Financials,-35.0,12.0,47.0
2026-02-02,APP,APPLOVIN CORP,Information Technology,Information Technology,0.0,-13.0,-13.0
2026-02-02,APTV,APTIV PLC,Consumer Discretionary,Consumer Discretionary,34.0,35.0,1.0
2026-02-02,ARE,"ALEXANDRIA REAL ESTATE EQUITIES, INC.",Real Estate,Real Estate,31.0,-37.0,-68.0
2026-02-02,ARES,ARES MANAGEMENT CORP,Financials,Financials,-27.0,-10.0,17.0
2026-02-02,ASC,ARDMORE SHIPPING ,,MR Discretion,-44.0,-46.0,-2.0
2026-02-02,ATO,ATMOS ENERGY ,Utilities,Utilities,-14.0,40.0,54.0
2026-02-02,AVB,"AVALONBAY COMMUNITIES, INC.",Real Estate,Real Estate,10.0,-22.0,-32.0
2026-02-02,AVGO,BROADCOM INC.,Information Technology,Information Technology,18.0,58.0,40.0
2026-02-02,AVY,AVERY DENNISON ,Materials,Materials,-21.0,-33.0,-12.0
2026-02-02,AWK,"AMERICAN WATER WORKS COMPANY, INC.",Utilities,Utilities,5.0,40.0,35.0
2026-02-02,AXON,"AXON ENTERPRISE, INC.",Industrials,Industrials,2.0,25.0,23.0
2026-02-02,AXP,AMERICAN EXPRESS COMPANY,Financials,Financials,-16.0,-26.0,-10.0
2026-02-02,AZO,"AUTOZONE, INC.",Consumer Discretionary,Consumer Discretionary,13.0,-27.0,-40.0
2026-02-02,BA,THE BOEING COMPANY,Industrials,Industrials,45.0,8.0,-37.0
2026-02-02,BAC,BANK OF AMERICA ,Financials,Financials,-34.0,-7.0,27.0
2026-02-02,BALL,BALL ,Materials,Materials,2.0,-24.0,-26.0
2026-02-02,BAX,BAXTER INTERNATIONAL INC.,Health Care,Health Care,0.0,-12.0,-12.0
2026-02-02,BBY,"BEST BUY CO., INC.",Consumer Discretionary,Consumer Discretionary,1.0,-7.0,-8.0
2026-02-02,BDX,"BECTON, DICKINSON AND COMPANY",Health Care,Health Care,4.0,-12.0,-16.0
2026-02-02,BEN,"FRANKLIN RESOURCES, INC.",Financials,Financials,52.0,-27.0,-79.0
2026-02-02,BF.B,BROWN-FORMAN ,Consumer Staples,Consumer Staples,0.0,-3.0,-3.0
2026-02-02,BG,BUNGE LIMITED,Consumer Staples,Consumer Staples,31.0,1.0,-30.0
2026-02-02,BIIB,BIOGEN INC.,Health Care,Health Care,-9.0,3.0,12.0
2026-02-02,BK,THE BANK OF NEW YORK MELLON ,Financials,Financials,36.0,44.0,8.0
2026-02-02,BKNG,BOOKING HOLDINGS INC.,Consumer Discretionary,Consumer Discretionary,0.0,20.0,20.0
2026-02-02,BKR,BAKER HUGHES COMPANY,Energy,Energy,44.0,-7.0,-51.0
2026-02-02,BLDR,"BUILDERS FIRSTSOURCE, INC.",Industrials,Industrials,48.0,-31.0,-79.0
2026-02-02,BLK,"BLACKROCK, INC.",Financials,Financials,-11.0,-22.0,-11.0
2026-02-02,BMY,BRISTOL-MYERS SQUIBB COMPANY,Health Care,Health Care,-3.0,22.0,25.0
2026-02-02,BR,"BROADRIDGE FINANCIAL SOLUTIONS, INC.",Industrials,Industrials,20.0,20.0,-0.0
2026-02-02,BRK.B,"BERKSHIRE HATHAWAY INC.,",Financials,Financials,13.0,32.0,19.0
2026-02-02,BRO,"BROWN & BROWN, INC.",Financials,Financials,-2.0,-7.0,-5.0
2026-02-02,BSX,BOSTON SCIENTIFIC ,Health Care,Health Care,21.0,3.0,-18.0
2026-02-02,BTC=F,BITCOIN FUTURES,,Futures,22.0,-2.0,-24.0
2026-02-02,BTI,BRITISH AMERICAN TOBACCO P.L.C.,,MR Discretion,16.0,-1.0,-17.0
2026-02-02,BTU,PEABODY ENERGY ,,MR Discretion,-9.0,20.0,29.0
2026-02-02,BX,BLACKSTONE INC,Financials,Financials,12.0,-13.0,-25.0
2026-02-02,BXP,"BOSTON PROPERTIES, INC.",Real Estate,Real Estate,-26.0,-14.0,12.0
2026-02-02,C,CITIGROUP INC.,Financials,Financials,2.0,33.0,31.0
2026-02-02,CAG,"CONAGRA BRANDS, INC.",Consumer Staples,Consumer Staples,0.0,-17.0,-17.0
2026-02-02,CAH,"CARDINAL HEALTH, INC.",Health Care,Health Care,-15.0,29.0,44.0
2026-02-02,CALM,"CAL-MAINE FOODS, INC.",,MR Discretion,-3.0,-29.0,-26.0
2026-02-02,CANE,TEUCRIUM:SUGAR,,Commodities,-40.0,7.0,47.0
2026-02-02,CARR,CARRIER GLOBAL ,Industrials,Industrials,0.0,-35.0,-35.0
2026-02-02,CAT,CATERPILLAR INC.,Industrials,Industrials,-2.0,-1.0,1.0
2026-02-02,CB,CHUBB LTD,Financials,Financials,6.0,3.0,-3.0
2026-02-02,CBOE,"CBOE GLOBAL MARKETS, INC.",Financials,Financials,40.0,-9.0,-49.0
2026-02-02,CBRE,"CBRE GROUP, INC.",Real Estate,Real Estate,30.0,25.0,-5.0
2026-02-02,CCI,CROWN CASTLE INC.,Real Estate,Real Estate,46.0,84.0,38.0
2026-02-02,CCJ,CAMECO ,,MR Discretion,63.0,-3.0,-66.0
2026-02-02,CCL,CARNIVAL CORP,Consumer Discretionary,Consumer Discretionary,-27.0,11.0,38.0
2026-02-02,CDNS,"CADENCE DESIGN SYSTEMS, INC.",Information Technology,Information Technology,40.0,65.0,25.0
2026-02-02,CDW,CDW ,Information Technology,Information Technology,17.0,21.0,4.0
2026-02-02,CEG,CONSTELLATION ENERGY,Utilities,Utilities,-13.0,1.0,14.0
2026-02-02,CF,"CF INDUSTRIES HOLDINGS, INC.",Materials,Materials,41.0,21.0,-20.0
2026-02-02,CFG,"CITIZENS FINANCIAL GROUP, INC.",Financials,Financials,26.0,29.0,3.0
2026-02-02,CHD,"CHURCH & DWIGHT CO., INC.",Consumer Staples,Consumer Staples,-25.0,-27.0,-2.0
2026-02-02,CHRW,"C.H. ROBINSON WORLDWIDE, INC.",Industrials,Industrials,62.0,36.0,-26.0
2026-02-02,CHTR,"CHARTER COMMUNICATIONS, INC.",Communication Services,Communication Services,-37.0,-47.0,-10.0
2026-02-02,CI,THE CIGNA GROUP,Health Care,Health Care,10.0,12.0,2.0
2026-02-02,CINF,CINCINNATI FINANCIAL ,Financials,Financials,-66.0,-18.0,48.0
2026-02-02,CL,COLGATE-PALMOLIVE COMPANY,Consumer Staples,Consumer Staples,33.0,-17.0,-50.0
2026-02-02,CLX,THE CLOROX COMPANY,Consumer Staples,Consumer Staples,0.0,-46.0,-46.0
2026-02-02,CMBT,CMB.TECH NV,,MR Discretion,14.0,-16.0,-30.0
2026-02-02,CMCSA,COMCAST ,Communication Services,Communication Services,-17.0,-54.0,-37.0
2026-02-02,CME,CME GROUP INC.,Financials,Financials,2.0,-21.0,-23.0
2026-02-02,CMG,"CHIPOTLE MEXICAN GRILL, INC.",Consumer Discretionary,Consumer Discretionary,5.0,-18.0,-23.0
2026-02-02,CMI,CUMMINS INC.,Industrials,Industrials,78.0,20.0,-58.0
2026-02-02,CMRE,COSTAMARE INC.,,MR Discretion,53.0,20.0,-33.0
2026-02-02,CMS,CMS ENERGY ,Utilities,Utilities,37.0,37.0,0.0
2026-02-02,CNC,CENTENE ,Health Care,Health Care,27.0,3.0,-24.0
2026-02-02,CNP,"CENTERPOINT ENERGY, INC.",Utilities,Utilities,42.0,30.0,-12.0
2026-02-02,CNR,"CORE NATURAL RESOURCES, INC.",,MR Discretion,67.0,55.0,-12.0
2026-02-02,COF,CAPITAL ONE FINANCIAL ,Financials,Financials,67.0,67.0,-0.0
2026-02-02,COIN,"COINBASE GLOBAL, INC.",Financials,Financials,-14.0,-25.0,-11.0
2026-02-02,COMT,ISHARES:GSCI COMM DYN RS,,Commodities,48.0,5.0,-43.0
2026-02-02,COO,"THE COOPER COMPANIES, INC.",Health Care,Health Care,17.0,12.0,-5.0
2026-02-02,COP,CONOCOPHILLIPS,Energy,Energy,-11.0,-37.0,-26.0
2026-02-02,COR,"CENCORA, INC.",Health Care,Health Care,-4.0,-11.0,-7.0
2026-02-02,CORN,TEUCRIUM:CORN,,Commodities,33.0,24.0,-9.0
2026-02-02,COST,COSTCO WHOLESALE ,Consumer Staples,Consumer Staples,-2.0,-35.0,-33.0
2026-02-02,CPAY,"FLEETCOR TECHNOLOGIES, INC.",Financials,Financials,15.0,-5.0,-20.0
2026-02-02,CPB,CAMPBELL SOUP COMPANY,Consumer Staples,Consumer Staples,0.0,-20.0,-20.0
2026-02-02,CPER,UNITED STATES COPPER IDX,,Commodities,-11.0,52.0,63.0
2026-02-02,CPRT,"COPART, INC.",Industrials,Industrials,5.0,-23.0,-28.0
2026-02-02,CPT,CAMDEN PROPERTY TRUST,Real Estate,Real Estate,32.0,23.0,-9.0
2026-02-02,CRESY,CRESUD INC.,,MR Discretion,0.0,-49.0,-49.0
2026-02-02,CRH,CRH PUBLIC LIMITED COMPANY,Materials,Materials,-49.0,-15.0,34.0
2026-02-02,CRL,CHARLES RIVER LABORATORIES,Health Care,Health Care,21.0,-3.0,-24.0
2026-02-02,CRM,"SALESFORCE, INC.",Information Technology,Information Technology,29.0,3.0,-26.0
2026-02-02,CRWD,"CROWDSTRIKE HOLDINGS, INC.",Information Technology,Information Technology,-4.0,-13.0,-9.0
2026-02-02,CSCO,"CISCO SYSTEMS, INC.",Information Technology,Information Technology,21.0,38.0,17.0
2026-02-02,CSGP,"COSTAR GROUP, INC.",Real Estate,Real Estate,-30.0,8.0,38.0
2026-02-02,CSX,CSX ,Industrials,Industrials,33.0,6.0,-27.0
2026-02-02,CTAS,CINTAS ,Industrials,Industrials,-7.0,-28.0,-21.0
2026-02-02,CTRA,COTERRA ENERGY INC.,Energy,Energy,30.0,22.0,-8.0
2026-02-02,CTSH,COGNIZANT TECHNOLOGY SOLUTIONS ,Information Technology,Information Technology,-31.0,-18.0,13.0
2026-02-02,CTVA,"CORTEVA, INC.",Materials,Materials,16.0,11.0,-5.0
2026-02-02,CVNA,CARVANA CO.,Consumer Discretionary,Consumer Discretionary,47.0,62.0,15.0
2026-02-02,CVS,CVS HEALTH ,Health Care,Health Care,26.0,49.0,23.0
2026-02-02,CVX,CHEVRON ,Energy,Energy,48.0,11.0,-37.0
2026-02-02,D,"DOMINION ENERGY, INC.",Utilities,Utilities,8.0,38.0,30.0
2026-02-02,DAL,"DELTA AIR LINES, INC.",Industrials,Industrials,22.0,38.0,16.0
2026-02-02,DASH,"DOORDASH, INC.",Consumer Discretionary,Consumer Discretionary,13.0,25.0,12.0
2026-02-02,DAY,"DAYFORCE, INC.",Industrials,Industrials,42.0,18.0,-24.0
2026-02-02,DBA,INVESCO DB MS AGRI,,Commodities,8.0,-5.0,-13.0
2026-02-02,DBB,INVESCO DB MS BMTL,,Commodities,19.0,70.0,51.0
2026-02-02,DBC,INVESCO DB CM IDX,,Commodities,47.0,31.0,-16.0
2026-02-02,DD,"DUPONT DE NEMOURS, INC.",Materials,Materials,31.0,-1.0,-32.0
2026-02-02,DDOG,"DATADOG, INC.",Information Technology,Information Technology,-3.0,35.0,38.0
2026-02-02,DE,DEERE & COMPANY,Industrials,Industrials,23.0,-37.0,-60.0
2026-02-02,DECK,DECKERS OUTDOOR ,Consumer Discretionary,Consumer Discretionary,0.0,-28.0,-28.0
2026-02-02,DELL,DELL TECHNOLOGIES INC.,Information Technology,Information Technology,-1.0,13.0,14.0
2026-02-02,DG,DOLLAR GENERAL ,Consumer Staples,Consumer Staples,13.0,51.0,38.0
2026-02-02,DGX,QUEST DIAGNOSTICS INC.,Health Care,Health Care,34.0,-1.0,-35.0
2026-02-02,DHI,"D.R. HORTON, INC.",Consumer Discretionary,Consumer Discretionary,0.0,-22.0,-22.0
2026-02-02,DHR,DANAHER ,Health Care,Health Care,-15.0,-4.0,11.0
2026-02-02,DHT,"DHT HOLDINGS, INC.",,MR Discretion,60.0,-19.0,-79.0
2026-02-02,DIA,SPDR DOW JONES INDUS AVG,,Sector & Style ETFs,39.0,15.0,-24.0
2026-02-02,DIS,THE WALT DISNEY COMPANY,Communication Services,Communication Services,-1.0,-4.0,-3.0
2026-02-02,DJI,DOW JONES INDUSTRIAL AVG INDEX,,Indices,21.0,-18.0,-39.0
2026-02-02,DLR,"DIGITAL REALTY TRUST, INC.",Real Estate,Real Estate,-10.0,-27.0,-17.0
2026-02-02,DLTR,"DOLLAR TREE, INC.",Consumer Staples,Consumer Staples,18.0,28.0,10.0
2026-02-02,DOC,"HEALTHDOC PROPERTIES, INC.",Real Estate,Real Estate,51.0,25.0,-26.0
2026-02-02,DOV,DOVER ,Industrials,Industrials,-9.0,-37.0,-28.0
2026-02-02,DOW,DOW INC.,Materials,Materials,-4.0,-60.0,-56.0
2026-02-02,DPZ,"DOMINO'S PIZZA, INC.",Consumer Discretionary,Consumer Discretionary,-41.0,-3.0,38.0
2026-02-02,DRI,"DARDEN RESTAURANTS, INC.",Consumer Discretionary,Consumer Discretionary,43.0,-15.0,-58.0
2026-02-02,DTE,DTE ENERGY COMPANY,Utilities,Utilities,47.0,35.0,-12.0
2026-02-02,DUK,DUKE ENERGY ,Utilities,Utilities,75.0,35.0,-40.0
2026-02-02,DVA,DAVITA INC.,Health Care,Health Care,-20.0,3.0,23.0
2026-02-02,DVN,DEVON ENERGY ,Energy,Energy,-42.0,-48.0,-6.0
2026-02-02,DXCM,"DEXCOM, INC.",Health Care,Health Care,34.0,1.0,-33.0
2026-02-02,DXY,US DOLLAR INDEX,USD,Indices,16.0,13.0,-3.0
2026-02-02,EA,ELECTRONIC ARTS INC.,Communication Services,Communication Services,27.0,-15.0,-42.0
2026-02-02,EBAY,EBAY INC.,Consumer Discretionary,Consumer Discretionary,-27.0,10.0,37.0
2026-02-02,EC,ECOPETROL SA,,MR Discretion,41.0,-10.0,-51.0
2026-02-02,ECH,ISHARES:MSCI CHILE,,Foreign,15.0,48.0,33.0
2026-02-02,ECL,ECOLAB INC.,Materials,Materials,-5.0,-35.0,-30.0
2026-02-02,ED,"CONSOLIDATED EDISON, INC.",Utilities,Utilities,51.0,8.0,-43.0
2026-02-02,EDEN,ISHARES:MSCI DENMARK,,Foreign,4.0,-27.0,-31.0
2026-02-02,EDV,VANGUARD EXT DUR T;ETF,Bonds,Bonds,12.0,20.0,8.0
2026-02-02,EFNL,ISHARES:MSCI FINLAND,,Foreign,35.0,27.0,-8.0
2026-02-02,EFX,EQUIFAX INC.,Industrials,Industrials,-35.0,-10.0,25.0
2026-02-02,EG,"EVEREST GROUP, LTD.",Financials,Financials,-18.0,15.0,33.0
2026-02-02,EIDO,ISHARES:MSCI INDONESIA,,Foreign,51.0,53.0,2.0
2026-02-02,EIRL,ISHARES:MSCI IRELAND,,Foreign,-3.0,-13.0,-10.0
2026-02-02,EIS,ISHARES:MSCI ISRAEL,,Foreign,53.0,14.0,-39.0
2026-02-02,EIX,EDISON INTERNATIONAL,Utilities,Utilities,5.0,-32.0,-37.0
2026-02-02,EL,THE ESTEE LAUDER COMPANIES INC.,Consumer Staples,Consumer Staples,-12.0,-14.0,-2.0
2026-02-02,ELV,"ELEVANCE HEALTH, INC.",Health Care,Health Care,28.0,20.0,-8.0
2026-02-02,EME,"EMCOR GROUP, INC.",Industrials,Industrials,2.0,-18.0,-20.0
2026-02-02,EMR,EMERSON ELECTRIC CO.,Industrials,Industrials,92.0,25.0,-67.0
2026-02-02,ENZL,ISHARES:MSCI NEW ZLND,,Foreign,0.0,-19.0,-19.0
2026-02-02,EOG,"EOG RESOURCES, INC.",Energy,Energy,-12.0,-11.0,1.0
2026-02-02,EPAM,"EPAM SYSTEMS, INC.",Information Technology,Information Technology,5.0,11.0,6.0
2026-02-02,EPHE,ISHARES:MSCI PHILIPPINES,,Foreign,17.0,-27.0,-44.0
2026-02-02,EPOL,ISHARES:MSCI POLAND,,Foreign,-6.0,43.0,49.0
2026-02-02,EPU,ISHARES:MSCI PERU,,Foreign,1.0,23.0,22.0
2026-02-02,EQIX,"EQUINIX, INC.",Real Estate,Real Estate,17.0,-16.0,-33.0
2026-02-02,EQR,EQUITY RESIDENTIAL,Real Estate,Real Estate,33.0,-5.0,-38.0
2026-02-02,EQT,EQT ,Energy,Energy,14.0,7.0,-7.0
2026-02-02,ERIE,ERIE INDEMNITY COMPANY,Financials,Financials,-24.0,-38.0,-14.0
2026-02-02,ES,EVERSOURCE ENERGY,Utilities,Utilities,-1.0,24.0,25.0
2026-02-02,ES=F,E-MINI S&P 500 FUTURES,,Futures,21.0,-18.0,-39.0
2026-02-02,ESS,"ESSEX PROPERTY TRUST, INC.",Real Estate,Real Estate,0.0,-13.0,-13.0
2026-02-02,ETN,EATON  PUBLIC LIMITED COMPANY,Industrials,Industrials,-17.0,-40.0,-23.0
2026-02-02,ETR,ENTERGY ,Utilities,Utilities,1.0,26.0,25.0
2026-02-02,EVRG,"EVERGY, INC.",Utilities,Utilities,38.0,22.0,-16.0
2026-02-02,EW,EDWARDS LIFESCIENCES ,Health Care,Health Care,-27.0,12.0,39.0
2026-02-02,EWA,ISHARES:MSCI AUSTRALIA,,Foreign,61.0,18.0,-43.0
2026-02-02,EWC,ISHARES:MSCI CANADA,,Foreign,70.0,61.0,-9.0
2026-02-02,EWD,ISHARES:MSCI SWEDEN,,Foreign,59.0,29.0,-30.0
2026-02-02,EWG,ISHARES:MSCI GERMANY,,Foreign,-7.0,28.0,35.0
2026-02-02,EWH,ISHARES:MSCI HONG KONG,,Foreign,51.0,8.0,-43.0
2026-02-02,EWI,ISHARES:MSCI ITALY,,Foreign,38.0,35.0,-3.0
2026-02-02,EWJ,ISHARES:MSCI JAPAN,,Foreign,19.0,-24.0,-43.0
2026-02-02,EWK,ISHARES:MSCI BELGIUM,,Foreign,36.0,10.0,-26.0
2026-02-02,EWL,ISHARES:MSCI SWITZERLAND,,Foreign,35.0,7.0,-28.0
2026-02-02,EWM,ISHARES:MSCI MALAYSIA,,Foreign,47.0,36.0,-11.0
2026-02-02,EWN,ISHARES:MSCI NETHERLANDS,,Foreign,25.0,-16.0,-41.0
2026-02-02,EWO,ISHARES:MSCI AUSTRIA,,Foreign,10.0,27.0,17.0
2026-02-02,EWP,ISHARES:MSCI SPAIN,,Foreign,51.0,76.0,25.0
2026-02-02,EWQ,ISHARES:MSCI FRANCE,,Foreign,40.0,55.0,15.0
2026-02-02,EWS,ISHARES:MSCI SINGAPORE,,Foreign,14.0,51.0,37.0
2026-02-02,EWT,ISHARES:MSCI TAIWAN,,Foreign,47.0,25.0,-22.0
2026-02-02,EWU,ISHARES:MSCI UK,,Foreign,47.0,10.0,-37.0
2026-02-02,EWW,ISHARES:MSCI MEXICO,,Foreign,57.0,48.0,-9.0
2026-02-02,EWY,ISHARES:MSCI S KOREA,,Foreign,49.0,38.0,-11.0
2026-02-02,EWZ,ISHARES:MSCI BRAZIL,,Foreign,40.0,-14.0,-54.0
2026-02-02,EXC,EXELON ,Utilities,Utilities,49.0,43.0,-6.0
2026-02-02,EXE,EXPAND ENERGY ,Energy,Energy,-10.0,7.0,17.0
2026-02-02,EXPD,EXPEDITORS INTERNATIONAL OF WASHINGTON,Industrials,Industrials,49.0,15.0,-34.0
2026-02-02,EXPE,"EXPEDIA GROUP, INC.",Consumer Discretionary,Consumer Discretionary,28.0,46.0,18.0
2026-02-02,EXR,EXTRA SPACE STORAGE INC.,Real Estate,Real Estate,41.0,25.0,-16.0
2026-02-02,F,FORD MOTOR COMPANY,Consumer Discretionary,Consumer Discretionary,8.0,-8.0,-16.0
2026-02-02,FANG,"DIAMONDBACK ENERGY, INC.",Energy,Energy,-45.0,-47.0,-2.0
2026-02-02,FAST,FASTENAL COMPANY,Industrials,Industrials,16.0,-41.0,-57.0
2026-02-02,FCX,FREEPORT-MCMORAN INC.,Materials,Materials,48.0,34.0,-14.0
2026-02-02,FDS,FACTSET RESEARCH SYSTEMS INC.,Financials,Financials,22.0,47.0,25.0
2026-02-02,FDX,FEDEX ,Industrials,Industrials,37.0,-19.0,-56.0
2026-02-02,FE,FIRSTENERGY CORP.,Utilities,Utilities,50.0,22.0,-28.0
2026-02-02,FFIV,"F5, INC.",Information Technology,Information Technology,28.0,6.0,-22.0
2026-02-02,FICO,FAIR ISAAC ,Information Technology,Information Technology,-4.0,-32.0,-28.0
2026-02-02,FIS,FIDELITY NATIONAL INFORMATION SERVICES,Financials,Financials,-38.0,3.0,41.0
2026-02-02,FISV,"FISERV, INC.",Financials,Financials,0.0,-9.0,-9.0
2026-02-02,FITB,FIFTH THIRD BANCORP,Financials,Financials,2.0,-10.0,-12.0
2026-02-02,FIX,"COMFORT SYSTEMS USA, INC.",Industrials,Industrials,6.0,16.0,10.0
2026-02-02,FOXA,FOX ,Communication Services,Communication Services,7.0,61.0,54.0
2026-02-02,FRO,FRONTLINE PLC,,MR Discretion,17.0,-29.0,-46.0
2026-02-02,FRT,FEDERAL REALTY INVESTMENT TRUST,Real Estate,Real Estate,-18.0,-31.0,-13.0
2026-02-02,FSLR,"FIRST SOLAR, INC.",Information Technology,Information Technology,-17.0,18.0,35.0
2026-02-02,FTI,TECHNIPFMC PLC,,MR Discretion,89.0,4.0,-85.0
2026-02-02,FTNT,"FORTINET, INC.",Information Technology,Information Technology,37.0,-7.0,-44.0
2026-02-02,FTV,FORTIVE ,Industrials,Industrials,-27.0,-14.0,13.0
2026-02-02,FVX,5 YR TSY YLD NDX,Yields,Yields,0.0,-74.0,-74.0
2026-02-02,FXA,INVESCO:AU DOLLAR,,Currencies,32.0,16.0,-16.0
2026-02-02,FXB,INVESCO:GBP STERLING,,Currencies,-7.0,29.0,36.0
2026-02-02,FXC,INVESCO:CANADIAN DOLLAR,,Currencies,28.0,35.0,7.0
2026-02-02,FXE,INVESCO:EURO,,Currencies,34.0,42.0,8.0
2026-02-02,FXY,INVESCO:JAPANESE YEN,,Currencies,30.0,8.0,-22.0
2026-02-02,GD,GENERAL DYNAMICS ,Industrials,Industrials,15.0,-10.0,-25.0
2026-02-02,GDDY,GODADDY INC.,Information Technology,Information Technology,-30.0,-30.0,-0.0
2026-02-02,GDX,VANECK:GOLD MINERS,,Commodities,47.0,52.0,5.0
2026-02-02,GDXJ,VANECK:JR GOLD MINERS,,Commodities,0.0,52.0,52.0
2026-02-02,GE,GENERAL ELECTRIC COMPANY,Industrials,Industrials,-25.0,30.0,55.0
2026-02-02,GEHC,GE HEALTHCARE TECHNOLOGIES INC.,Health Care,Health Care,8.0,31.0,23.0
2026-02-02,GEN,GEN DIGITAL INC.,Information Technology,Information Technology,43.0,54.0,11.0
2026-02-02,GEOS,GEOSPACE TECHNOLOGIES ,,MR Discretion,12.0,15.0,3.0
2026-02-02,GEV,GE VERNOVA INC.,Industrials,Industrials,3.0,22.0,19.0
2026-02-02,GGB,GERDAU SA,,MR Discretion,62.0,28.0,-34.0
2026-02-02,GILD,"GILEAD SCIENCES, INC.",Health Care,Health Care,45.0,8.0,-37.0
2026-02-02,GIS,"GENERAL MILLS, INC.",Consumer Staples,Consumer Staples,0.0,-10.0,-10.0
2026-02-02,GL,GLOBE LIFE INC.,Financials,Financials,19.0,-12.0,-31.0
2026-02-02,GLATF,GLOBAL ATOMIC ,,MR Discretion,19.0,32.0,13.0
2026-02-02,GLD,SPDR GOLD,Gold,Commodities,1.0,27.0,26.0
2026-02-02,GLW,CORNING INC.,Information Technology,Information Technology,2.0,35.0,33.0
2026-02-02,GM,GENERAL MOTORS COMPANY,Consumer Discretionary,Consumer Discretionary,-7.0,19.0,26.0
2026-02-02,GNK,GENCO SHIPPING & TRADING LIMITED,,MR Discretion,19.0,-35.0,-54.0
2026-02-02,GNRC,GENERAC HOLDINGS INC.,Industrials,Industrials,22.0,-21.0,-43.0
2026-02-02,GOOGL,ALPHABET INC.,Communication Services,Communication Services,45.0,23.0,-22.0
2026-02-02,GPC,GENUINE PARTS COMPANY,Consumer Discretionary,Consumer Discretionary,14.0,-16.0,-30.0
2026-02-02,GPN,GLOBAL PAYMENTS INC.,Financials,Financials,-36.0,-24.0,12.0
2026-02-02,GREK,GLBL X MSCI GREECE,,Foreign,17.0,14.0,-3.0
2026-02-02,GRMN,GARMIN LTD,Consumer Discretionary,Consumer Discretionary,-27.0,-7.0,20.0
2026-02-02,GS,"THE GOLDMAN SACHS GROUP, INC.",Financials,Financials,-8.0,8.0,16.0
2026-02-02,GWW,"W.W. GRAINGER, INC.",Industrials,Industrials,-3.0,-20.0,-17.0
2026-02-02,HAL,HALLIBURTON COMPANY,Energy,Energy,59.0,8.0,-51.0
2026-02-02,HAS,"HASBRO, INC.",Consumer Discretionary,Consumer Discretionary,22.0,42.0,20.0
2026-02-02,HBAN,HUNTINGTON BANCSHARES INC.,Financials,Financials,-44.0,-5.0,39.0
2026-02-02,HCA,"HCA HEALTHCARE, INC.",Health Care,Health Care,-7.0,17.0,24.0
2026-02-02,HD,"THE HOME DEPOT, INC.",Consumer Discretionary,Consumer Discretionary,0.0,-46.0,-46.0
2026-02-02,HIG,THE HARTFORD FINANCIAL SERVICES GROUP,Financials,Financials,-29.0,21.0,50.0
2026-02-02,HII,"HUNTINGTON INGALLS INDUSTRIES, INC.",Industrials,Industrials,56.0,2.0,-54.0
2026-02-02,HLT,HILTON WORLDWIDE HOLDINGS INC.,Consumer Discretionary,Consumer Discretionary,-11.0,-7.0,4.0
2026-02-02,HLX,"HELIX ENERGY SOLUTIONS GROUP, INC.",,MR Discretion,-34.0,-43.0,-9.0
2026-02-02,HOLX,"HOLOGIC, INC.",Health Care,Health Care,52.0,-10.0,-62.0
2026-02-02,HON,HONEYWELL INTERNATIONAL INC.,Industrials,Industrials,-33.0,-60.0,-27.0
2026-02-02,HOOD,"ROBINHOOD MARKETS, INC.",Financials,Financials,14.0,16.0,2.0
2026-02-02,HPE,HEWLETT PACKARD ENTERPRISE COMPANY,Information Technology,Information Technology,-27.0,12.0,39.0
2026-02-02,HPQ,HP INC.,Information Technology,Information Technology,-35.0,5.0,40.0
2026-02-02,HRL,HORMEL FOODS ,Consumer Staples,Consumer Staples,-17.0,-20.0,-3.0
2026-02-02,HSIC,"HENRY SCHEIN, INC.",Health Care,Health Care,6.0,30.0,24.0
2026-02-02,HST,"HOST HOTELS & RESORTS, INC.",Real Estate,Real Estate,-40.0,-52.0,-12.0
2026-02-02,HSY,THE HERSHEY COMPANY,Consumer Staples,Consumer Staples,-32.0,-16.0,16.0
2026-02-02,HUBB,HUBBELL INC.,Industrials,Industrials,61.0,28.0,-33.0
2026-02-02,HUM,HUMANA INC.,Health Care,Health Care,34.0,33.0,-1.0
2026-02-02,HWM,HOWMET AEROSPACE INC.,Industrials,Industrials,56.0,64.0,8.0
2026-02-02,HYD,VANECK:HIGH YIELD MUNI,,Bonds,-16.0,13.0,29.0
2026-02-02,HYG,ISHARES:IBOXX $HY CORP,Bonds,Bonds,50.0,26.0,-24.0
2026-02-02,IBKR,"INTERACTIVE BROKERS GROUP, INC.",Financials,Financials,-11.0,-29.0,-18.0
2026-02-02,IBM,INTERNATIONAL BUSINESS MACHINES ,Information Technology,Information Technology,17.0,-5.0,-22.0
2026-02-02,ICE,"INTERCONTINENTAL EXCHANGE, INC.",Financials,Financials,5.0,-48.0,-53.0
2026-02-02,ICL,ICL GROUP LTD,,MR Discretion,-19.0,17.0,36.0
2026-02-02,IDXX,"IDEXX LABORATORIES, INC.",Health Care,Health Care,11.0,18.0,7.0
2026-02-02,IEF,ISHARES:7-10 TRS BD ETF,Bonds,Bonds,-40.0,-4.0,36.0
2026-02-02,IEX,IDEX ,Industrials,Industrials,37.0,-19.0,-56.0
2026-02-02,IFF,INTERNATIONAL FLAVORS & FRAGRANCES INC.,Materials,Materials,5.0,-7.0,-12.0
2026-02-02,INCY,INCYTE ,Health Care,Health Care,52.0,51.0,-1.0
2026-02-02,INDA,ISHARES:MSCI INDIA,,Foreign,-47.0,-19.0,28.0
2026-02-02,INTC,INTEL ,Information Technology,Information Technology,62.0,21.0,-41.0
2026-02-02,INTU,INTUIT INC.,Information Technology,Information Technology,1.0,1.0,-0.0
2026-02-02,INVH,INVITATION HOMES INC.,Real Estate,Real Estate,-30.0,-22.0,8.0
2026-02-02,IP,INTERNATIONAL PAPER COMPANY,Materials,Materials,42.0,27.0,-15.0
2026-02-02,IQV,IQVIA HOLDINGS INC,Health Care,Health Care,19.0,43.0,24.0
2026-02-02,IR,INGERSOLL RAND INC.,Industrials,Industrials,-3.0,-60.0,-57.0
2026-02-02,IRM,IRON MOUNTAIN INC.,Real Estate,Real Estate,26.0,-7.0,-33.0
2026-02-02,ISRG,"INTUITIVE SURGICAL, INC.",Health Care,Health Care,-67.0,-26.0,41.0
2026-02-02,IT,"GARTNER, INC.",Information Technology,Information Technology,-13.0,-22.0,-9.0
2026-02-02,ITW,ILLINOIS TOOL WORKS INC.,Industrials,Industrials,16.0,-41.0,-57.0
2026-02-02,IVZ,INVESCO LTD.,Financials,Financials,18.0,19.0,1.0
2026-02-02,IWD,ISHARES:RUSS 1000 VL ETF,,Sector & Style ETFs,16.0,-19.0,-35.0
2026-02-02,IWF,ISHARES:RUSS 1000 GR ETF,,Sector & Style ETFs,-17.0,12.0,29.0
2026-02-02,IWM,ISHARES:RUSS 2000 ETF,,Sector & Style ETFs,45.0,29.0,-16.0
2026-02-02,J,JACOBS SOLUTIONS INC.,Industrials,Industrials,21.0,3.0,-18.0
2026-02-02,JBHT,"J. B. HUNT TRANSPORT SERVICES, INC.",Industrials,Industrials,17.0,-16.0,-33.0
2026-02-02,JBL,JABIL INC.,Information Technology,Information Technology,-48.0,-13.0,35.0
2026-02-02,JCI,JOHNSON CONTROLS INTERNATIONAL PLC,Industrials,Industrials,-41.0,2.0,43.0
2026-02-02,JKHY,"JACK HENRY & ASSOCIATES, INC.",Financials,Financials,-15.0,13.0,28.0
2026-02-02,JNJ,JOHNSON & JOHNSON,Health Care,Health Care,46.0,23.0,-23.0
2026-02-02,JNK,SPDR BBG HIGH YIELD BD,,Bonds,22.0,-18.0,-40.0
2026-02-02,JPM,JPMORGAN CHASE & CO.,Financials,Financials,-1.0,27.0,28.0
2026-02-02,KDP,KEURIG DR PEPPER INC.,Consumer Staples,Consumer Staples,21.0,3.0,-18.0
2026-02-02,KEY,KEYCORP,Financials,Financials,23.0,11.0,-12.0
2026-02-02,KEYS,"KEYSIGHT TECHNOLOGIES, INC.",Information Technology,Information Technology,-3.0,-9.0,-6.0
2026-02-02,KHC,THE KRAFT HEINZ COMPANY,Consumer Staples,Consumer Staples,-27.0,6.0,33.0
2026-02-02,KIM,KIMCO REALTY .,Real Estate,Real Estate,5.0,-30.0,-35.0
2026-02-02,KKR,KKR & CO. INC.,Financials,Financials,12.0,14.0,2.0
2026-02-02,KLAC,KLA ,Information Technology,Information Technology,47.0,39.0,-8.0
2026-02-02,KMB,KIMBERLY-CLARK ,Consumer Staples,Consumer Staples,0.0,-14.0,-14.0
2026-02-02,KMI,"KINDER MORGAN, INC.",Energy,Energy,35.0,5.0,-30.0
2026-02-02,KO,THE COCA-COLA COMPANY,Consumer Staples,Consumer Staples,-1.0,-38.0,-37.0
2026-02-02,KR,THE KROGER CO.,Consumer Staples,Consumer Staples,-23.0,3.0,26.0
2026-02-02,KVUE,KENVUE INC.,Consumer Staples,Consumer Staples,-17.0,-44.0,-27.0
2026-02-02,L,LOEWS ,Financials,Financials,-27.0,2.0,29.0
2026-02-02,LDOS,"LEIDOS HOLDINGS, INC.",Industrials,Industrials,5.0,-3.0,-8.0
2026-02-02,LEN,LENNAR ,Consumer Discretionary,Consumer Discretionary,47.0,-31.0,-78.0
2026-02-02,LH,LABORATORY  OF AMERICA HOLDINGS,Health Care,Health Care,-56.0,-58.0,-2.0
2026-02-02,LHX,"L3HARRIS TECHNOLOGIES, INC.",Industrials,Industrials,-21.0,-24.0,-3.0
2026-02-02,LII,LENNOX INTERNATIONAL INC.,Industrials,Industrials,35.0,-14.0,-49.0
2026-02-02,LIN,LINDE PUBLIC LIMITED COMPANY,Materials,Materials,34.0,-9.0,-43.0
2026-02-02,LLY,ELI LILLY AND COMPANY,Health Care,Health Care,20.0,20.0,0.0
2026-02-02,LMT,LOCKHEED MARTIN ,Industrials,Industrials,40.0,3.0,-37.0
2026-02-02,LNT,ALLIANT ENERGY ,Utilities,Utilities,14.0,51.0,37.0
2026-02-02,LOW,"LOWE'S COMPANIES, INC.",Consumer Discretionary,Consumer Discretionary,111.0,40.0,-71.0
2026-02-02,LQD,ISHARES:IBOXX $IG CORP,Bonds,Bonds,31.0,26.0,-5.0
2026-02-02,LRCX,LAM RESEARCH ,Information Technology,Information Technology,5.0,-24.0,-29.0
2026-02-02,LULU,LULULEMON ATHLETICA INC.,Consumer Discretionary,Consumer Discretionary,-21.0,4.0,25.0
2026-02-02,LUV,SOUTHWEST AIRLINES CO.,Industrials,Industrials,43.0,20.0,-23.0
2026-02-02,LVS,LAS VEGAS SANDS CORP.,Consumer Discretionary,Consumer Discretionary,32.0,54.0,22.0
2026-02-02,LW,"LAMB WESTON HOLDINGS, INC.",Consumer Staples,Consumer Staples,-2.0,10.0,12.0
2026-02-02,LYB,LYONDELLBASELL INDUSTRIES NV,Materials,Materials,62.0,-19.0,-81.0
2026-02-02,LYV,"LIVE NATION ENTERTAINMENT, INC.",Communication Services,Communication Services,13.0,10.0,-3.0
2026-02-02,MA,MASTERCARD INC..,Financials,Financials,30.0,5.0,-25.0
2026-02-02,MAA,"MID-AMERICA APARTMENT COMMUNITIES, INC.",Real Estate,Real Estate,-28.0,46.0,74.0
2026-02-02,MAR,"MARRIOTT INTERNATIONAL, INC.",Consumer Discretionary,Consumer Discretionary,-49.0,-39.0,10.0
2026-02-02,MAS,MASCO ,Industrials,Industrials,36.0,3.0,-33.0
2026-02-02,MCD,MCDONALD'S ,Consumer Discretionary,Consumer Discretionary,-3.0,-43.0,-40.0
2026-02-02,MCHI,ISHARES:MSCI CHINA,,Foreign,30.0,31.0,1.0
2026-02-02,MCHP,MICROCHIP TECHNOLOGY INC.,Information Technology,Information Technology,16.0,-37.0,-53.0
2026-02-02,MCK,MCKESSON ,Health Care,Health Care,-27.0,8.0,35.0
2026-02-02,MCO,MOODY'S ,Financials,Financials,27.0,-22.0,-49.0
2026-02-02,MDLZ,"MONDELEZ INTERNATIONAL, INC.",Consumer Staples,Consumer Staples,-43.0,-70.0,-27.0
2026-02-02,MDT,MEDTRONIC PUBLIC LIMITED COMPANY,Health Care,Health Care,19.0,5.0,-14.0
2026-02-02,MDY,SPDR S&P MIDCAP 400 ETF,,Sector & Style ETFs,30.0,-7.0,-37.0
2026-02-02,MET,"METLIFE, INC.",Financials,Financials,-17.0,-22.0,-5.0
2026-02-02,META,"META PLATFORMS, INC.",Communication Services,Communication Services,6.0,-22.0,-28.0
2026-02-02,MGM,MGM RESORTS INTERNATIONAL,Consumer Discretionary,Consumer Discretionary,-19.0,12.0,31.0
2026-02-02,MKC,"MCCORMICK & COMPANY, INC.",Consumer Staples,Consumer Staples,-9.0,46.0,55.0
2026-02-02,MLM,"MARTIN MARIETTA MATERIALS, INC.",Materials,Materials,-4.0,-15.0,-11.0
2026-02-02,MMM,3M COMPANY,Industrials,Industrials,56.0,44.0,-12.0
2026-02-02,MNST,MONSTER BEVERAGE ,Consumer Staples,Consumer Staples,5.0,22.0,17.0
2026-02-02,MO,"ALTRIA GROUP, INC.",Consumer Staples,Consumer Staples,31.0,8.0,-23.0
2026-02-02,MOH,"MOLINA HEALTHCARE, INC.",Health Care,Health Care,-21.0,-24.0,-3.0
2026-02-02,MOS,THE MOSAIC COMPANY,Materials,Materials,43.0,9.0,-34.0
2026-02-02,MP,MP MATERIALS CORP,,MR Discretion,20.0,29.0,9.0
2026-02-02,MPC,MARATHON PETROLEUM ,Energy,Energy,4.0,-31.0,-35.0
2026-02-02,MPWR,"MONOLITHIC POWER SYSTEMS, INC.",Information Technology,Information Technology,-12.0,-14.0,-2.0
2026-02-02,MRK,"MERCK & CO., INC.",Health Care,Health Care,11.0,-17.0,-28.0
2026-02-02,MRNA,"MODERNA, INC.",Health Care,Health Care,45.0,8.0,-37.0
2026-02-02,MRSH,"MARSH & MCLENNAN COMPANIES, INC.",Financials,Financials,14.0,-4.0,-18.0
2026-02-02,MS,MORGAN STANLEY,Financials,Financials,19.0,38.0,19.0
2026-02-02,MSCI,MSCI INC.,Financials,Financials,73.0,-27.0,-100.0
2026-02-02,MSFT,MICROSOFT ,Information Technology,Information Technology,32.0,54.0,22.0
2026-02-02,MSI,"MOTOROLA SOLUTIONS, INC.",Information Technology,Information Technology,-12.0,-48.0,-36.0
2026-02-02,MTB,M&T BANK ,Financials,Financials,49.0,-5.0,-54.0
2026-02-02,MTCH,"MATCH GROUP, INC.",Communication Services,Communication Services,-55.0,-3.0,52.0
2026-02-02,MTD,METTLER-TOLEDO INTERNATIONAL INC.,Health Care,Health Care,-15.0,11.0,26.0
2026-02-02,MTUM,ISHARES:MSCI USA MOM FCT,,Sector & Style ETFs,5.0,-5.0,-10.0
2026-02-02,MU,"MICRON TECHNOLOGY, INC.",Information Technology,Information Technology,-59.0,-10.0,49.0
2026-02-02,MUB,ISHARES:NATL MUNI BOND,,Bonds,30.0,50.0,20.0
2026-02-02,NCLH,NORWEGIAN CRUISE LINE HOLDINGS LTD.,Consumer Discretionary,Consumer Discretionary,59.0,-5.0,-64.0
2026-02-02,NDAQ,"NASDAQ, INC.",Financials,Financials,29.0,89.0,60.0
2026-02-02,NDSN,NORDSON ,Industrials,Industrials,16.0,-19.0,-35.0
2026-02-02,NDX,NASDAQ 100 INDEX,,Indices,21.0,-13.0,-34.0
2026-02-02,NEE,"NEXTERA ENERGY, INC.",Utilities,Utilities,43.0,35.0,-8.0
2026-02-02,NEM,NEWMONT ,Materials,Materials,1.0,52.0,51.0
2026-02-02,NFLX,"NETFLIX, INC.",Communication Services,Communication Services,7.0,-30.0,-37.0
2026-02-02,NI,NISOURCE INC.,Utilities,Utilities,34.0,18.0,-16.0
2026-02-02,NKE,"NIKE, INC.",Consumer Discretionary,Consumer Discretionary,-15.0,-10.0,5.0
2026-02-02,NOC,NORTHROP GRUMMAN ,Industrials,Industrials,77.0,26.0,-51.0
2026-02-02,NORW,GLBL X MSCI NORWAY ETF,,Foreign,50.0,38.0,-12.0
2026-02-02,NOV,NOV INC.,,MR Discretion,42.0,-27.0,-69.0
2026-02-02,NOW,"SERVICENOW, INC.",Information Technology,Information Technology,18.0,-13.0,-31.0
2026-02-02,NQ=F,NASDAQ 100 FUTURES,,Futures,21.0,-13.0,-34.0
2026-02-02,NRG,"NRG ENERGY, INC.",Utilities,Utilities,-51.0,-3.0,48.0
2026-02-02,NSC,NORFOLK SOUTHERN ,Industrials,Industrials,-75.0,-64.0,11.0
2026-02-02,NTAP,"NETAPP, INC.",Information Technology,Information Technology,-8.0,-13.0,-5.0
2026-02-02,NTRS,NORTHERN TRUST ,Financials,Financials,72.0,5.0,-67.0
2026-02-02,NUE,NUCOR ,Materials,Materials,22.0,-11.0,-33.0
2026-02-02,NVDA,NVIDIA ,Information Technology,Information Technology,-18.0,-16.0,2.0
2026-02-02,NVR,"NVR, INC.",Consumer Discretionary,Consumer Discretionary,2.0,-29.0,-31.0
2026-02-02,NWSA,NEWS CORP.,Communication Services,Communication Services,1.0,-22.0,-23.0
2026-02-02,NXPI,NXP SEMICONDUCTORS NV,Information Technology,Information Technology,0.0,3.0,3.0
2026-02-02,O,REALTY INCOME ,Real Estate,Real Estate,23.0,-7.0,-30.0
2026-02-02,ODFL,"OLD DOMINION FREIGHT LINE, INC.",Industrials,Industrials,-10.0,-43.0,-33.0
2026-02-02,OEF,ISHARES:S&P 100,,Sector & Style ETFs,0.0,3.0,3.0
2026-02-02,OKE,"ONEOK, INC.",Energy,Energy,-19.0,-21.0,-2.0
2026-02-02,OMC,OMNICOM GROUP INC.,Communication Services,Communication Services,-10.0,-6.0,4.0
2026-02-02,ON,ON SEMICONDUCTOR ,Information Technology,Information Technology,32.0,22.0,-10.0
2026-02-02,ORCL,ORACLE ,Information Technology,Information Technology,25.0,12.0,-13.0
2026-02-02,ORLY,"O'REILLY AUTOMOTIVE, INC.",Consumer Discretionary,Consumer Discretionary,48.0,21.0,-27.0
2026-02-02,OTIS,OTIS WORLDWIDE ,Industrials,Industrials,53.0,27.0,-26.0
2026-02-02,OXY,OCCIDENTAL PETROLEUM ,Energy,Energy,-28.0,-37.0,-9.0
2026-02-02,PAM,PAMPA ENERGIA SA,,MR Discretion,1.0,-13.0,-14.0
2026-02-02,PANW,"PALO ALTO NETWORKS, INC.",Information Technology,Information Technology,-9.0,-18.0,-9.0
2026-02-02,PAYC,"PAYCOM SOFTWARE, INC.",Industrials,Industrials,7.0,23.0,16.0
2026-02-02,PAYX,"PAYCHEX, INC.",Industrials,Industrials,-69.0,-30.0,39.0
2026-02-02,PBR,BRAZILIAN PETROLEUM  - PETROBRAS,,MR Discretion,-59.0,-61.0,-2.0
2026-02-02,PCAR,PACCAR INC,Industrials,Industrials,58.0,-19.0,-77.0
2026-02-02,PCG,PG&E ,Utilities,Utilities,19.0,31.0,12.0
2026-02-02,PEG,PUBLIC SERVICE ENTERPRISE GROUP INC.,Utilities,Utilities,39.0,30.0,-9.0
2026-02-02,PEP,"PEPSICO, INC.",Consumer Staples,Consumer Staples,32.0,15.0,-17.0
2026-02-02,PFE,PFIZER INC.,Health Care,Health Care,0.0,-16.0,-16.0
2026-02-02,PFF,ISHARES:PREF AND INC SEC,,Bonds,26.0,7.0,-19.0
2026-02-02,PFG,"PRINCIPAL FINANCIAL GROUP, INC.",Financials,Financials,0.0,-32.0,-32.0
2026-02-02,PG,THE PROCTER & GAMBLE COMPANY,Consumer Staples,Consumer Staples,0.0,-27.0,-27.0
2026-02-02,PGR,THE PROGRESSIVE ,Financials,Financials,-10.0,-12.0,-2.0
2026-02-02,PH,PARKER-HANNIFIN ,Industrials,Industrials,5.0,-7.0,-12.0
2026-02-02,PHM,"PULTEGROUP, INC.",Consumer Discretionary,Consumer Discretionary,-43.0,-74.0,-31.0
2026-02-02,PKG,PACKAGING  OF AMERICA,Materials,Materials,28.0,-29.0,-57.0
2026-02-02,PLD,"PROLOGIS, INC.",Real Estate,Real Estate,5.0,38.0,33.0
2026-02-02,PLTR,PALANTIR TECHNOLOGIES INC.,Information Technology,Information Technology,-15.0,-35.0,-20.0
2026-02-02,PM,PHILIP MORRIS INTERNATIONAL INC.,Consumer Staples,Consumer Staples,26.0,-7.0,-33.0
2026-02-02,PNC,"THE PNC FINANCIAL SERVICES GROUP, INC.",Financials,Financials,5.0,-15.0,-20.0
2026-02-02,PNR,PENTAIR PUBLIC LIMITED COMPANY,Industrials,Industrials,-17.0,-22.0,-5.0
2026-02-02,PNW,PINNACLE WEST CAPITAL ,Utilities,Utilities,39.0,11.0,-28.0
2026-02-02,PODD,INSULET ,Health Care,Health Care,72.0,61.0,-11.0
2026-02-02,POOL,POOL ,Consumer Discretionary,Consumer Discretionary,17.0,-29.0,-46.0
2026-02-02,POWA,INVESCO BLOOMBERG PRICING POWER,,Sector & Style ETFs,-41.0,-53.0,-12.0
2026-02-02,PPG,"PPG INDUSTRIES, INC.",Materials,Materials,0.0,-27.0,-27.0
2026-02-02,PPL,PPL ,Utilities,Utilities,47.0,35.0,-12.0
2026-02-02,PPLT,ABRDN:PHYSICAL PLATINUM,,Commodities,53.0,37.0,-16.0
2026-02-02,PRU,"PRUDENTIAL FINANCIAL, INC.",Financials,Financials,-10.0,3.0,13.0
2026-02-02,PSA,PUBLIC STORAGE.,Real Estate,Real Estate,15.0,-26.0,-41.0
2026-02-02,PSKY,PARAMOUNT SKYDANCE ,Communication Services,Communication Services,-1.0,23.0,24.0
2026-02-02,PSX,PHILLIPS 66,Energy,Energy,4.0,-84.0,-88.0
2026-02-02,PTC,PTC INC.,Information Technology,Information Technology,-5.0,20.0,25.0
2026-02-02,PWR,"QUANTA SERVICES, INC.",Industrials,Industrials,15.0,-5.0,-20.0
2026-02-02,PYPL,"PAYPAL HOLDINGS, INC.",Financials,Financials,-12.0,-9.0,3.0
2026-02-02,Q,"QNITY ELECTRONICS, INC.",Information Technology,Information Technology,4.0,-13.0,-17.0
2026-02-02,QAT,ISHARES:MSCI QATAR,,Foreign,-12.0,-35.0,-23.0
2026-02-02,QCOM,QUALCOMM INC.,Information Technology,Information Technology,-1.0,-14.0,-13.0
2026-02-02,QQQ,INVESCO QQQ TRUST 1,,Sector & Style ETFs,21.0,3.0,-18.0
2026-02-02,QUAL,ISHARES:MSCI USA QF,,Sector & Style ETFs,44.0,20.0,-24.0
2026-02-02,RCL,ROYAL CARIBBEAN CRUISES LTD.,Consumer Discretionary,Consumer Discretionary,41.0,23.0,-18.0
2026-02-02,REG,REGENCY CENTERS ,Real Estate,Real Estate,38.0,3.0,-35.0
2026-02-02,REGN,"REGENERON PHARMACEUTICALS, INC.",Health Care,Health Care,-11.0,12.0,23.0
2026-02-02,RF,REGIONS FINANCIAL ,Financials,Financials,69.0,10.0,-59.0
2026-02-02,RIG,TRANSOCEAN LTD,,MR Discretion,35.0,15.0,-20.0
2026-02-02,RJF,"RAYMOND JAMES FINANCIAL, INC.",Financials,Financials,-8.0,8.0,16.0
2026-02-02,RL,RALPH LAUREN ,Consumer Discretionary,Consumer Discretionary,12.0,20.0,8.0
2026-02-02,RMD,RESMED INC.,Health Care,Health Care,61.0,34.0,-27.0
2026-02-02,ROK,"ROCKWELL AUTOMATION, INC.",Industrials,Industrials,29.0,17.0,-12.0
2026-02-02,ROKU,"ROKU, INC.",,MR Discretion,-23.0,-4.0,19.0
2026-02-02,ROL,"ROLLINS, INC.",Industrials,Industrials,27.0,-10.0,-37.0
2026-02-02,ROP,"ROPER TECHNOLOGIES, INC.",Information Technology,Information Technology,-23.0,-23.0,-0.0
2026-02-02,ROST,"ROSS STORES, INC.",Consumer Discretionary,Consumer Discretionary,24.0,8.0,-16.0
2026-02-02,RSG,"REPUBLIC SERVICES, INC.",Industrials,Industrials,-52.0,-69.0,-17.0
2026-02-02,RSP,INVESCO S&P500 EWGHT,,Sector & Style ETFs,31.0,-16.0,-47.0
2026-02-02,RTX,RTX ,Industrials,Industrials,21.0,34.0,13.0
2026-02-02,RUT,RUSSELL 2000 INDEX,,Indices,15.0,-19.0,-34.0
2026-02-02,RVTY,"REVVITY, INC.",Health Care,Health Care,-19.0,-6.0,13.0
2026-02-02,SBAC,SBA COMMUNICATIONS ,Real Estate,Real Estate,-37.0,47.0,84.0
2026-02-02,SBLK,STAR BULK CARRIERS CORP.,,MR Discretion,33.0,-10.0,-43.0
2026-02-02,SBUX,STARBUCKS ,Consumer Discretionary,Consumer Discretionary,36.0,12.0,-24.0
2026-02-02,SCHP,SCHWAB STR:US TIPS,,Bonds,-3.0,11.0,14.0
2026-02-02,SCHW,THE CHARLES SCHWAB ,Financials,Financials,5.0,38.0,33.0
2026-02-02,SD,"SANDRIDGE ENERGY, INC.",,MR Discretion,14.0,-21.0,-35.0
2026-02-02,SDY,SPDR S&P DIVIDEND,,Sector & Style ETFs,10.0,-10.0,-20.0
2026-02-02,SHW,THE SHERWIN-WILLIAMS COMPANY,Materials,Materials,22.0,-38.0,-60.0
2026-02-02,SHY,ISHARES:1-3 TRS BD ETF,Bonds,Bonds,10.0,-11.0,-21.0
2026-02-02,SILJ,ETFMG PRIME JR SILVR MNR,,Commodities,1.0,52.0,51.0
2026-02-02,SJM,THE J. M. SMUCKER COMPANY,Consumer Staples,Consumer Staples,-15.0,-61.0,-46.0
2026-02-02,SLB,SCHLUMBERGER N.V.,Energy,Energy,52.0,1.0,-51.0
2026-02-02,SLV,ISHARES:SILVER TRUST,,Commodities,43.0,36.0,-7.0
2026-02-02,SM,SM ENERGY COMPANY,,MR Discretion,37.0,23.0,-14.0
2026-02-02,SMCI,"SUPER MICRO COMPUTER, INC.",Information Technology,Information Technology,-10.0,-24.0,-14.0
2026-02-02,SMH,VANECK:SEMICONDUCTOR,,Sector & Style ETFs,46.0,34.0,-12.0
2026-02-02,SNA,SNAP-ON INC.,Industrials,Industrials,6.0,-7.0,-13.0
2026-02-02,SNDK,SANDISK CORPORATION,Information Technology,Information Technology,-9.0,14.0,23.0
2026-02-02,SNPS,"SYNOPSYS, INC.",Information Technology,Information Technology,21.0,3.0,-18.0
2026-02-02,SO,THE SOUTHERN COMPANY,Utilities,Utilities,31.0,-5.0,-36.0
2026-02-02,SOLV,SOLVENTUM ,Health Care,Health Care,-13.0,31.0,44.0
2026-02-02,SOYB,TEUCRIUM:SOYBEAN,,Commodities,2.0,-14.0,-16.0
2026-02-02,SPG,"SIMON PROPERTY GROUP, INC.",Real Estate,Real Estate,-6.0,0.0,6.0
2026-02-02,SPGI,S&P GLOBAL INC.,Financials,Financials,12.0,-5.0,-17.0
2026-02-02,SPHB,INVESCO S&P500 HI BE,,Sector & Style ETFs,100.0,55.0,-45.0
2026-02-02,SPLV,INVESCO S&P500 LOWVL,,Sector & Style ETFs,9.0,-21.0,-30.0
2026-02-02,SPX,S&P 500 INDEX,,Indices,49.0,-11.0,-60.0
2026-02-02,SPY,SPDR S&P 500 ETF,,Sector & Style ETFs,55.0,10.0,-45.0
2026-02-02,SRE,SEMPRA,Utilities,Utilities,-44.0,0.0,44.0
2026-02-02,STE,STERIS PUBLIC LIMITED COMPANY,Health Care,Health Care,-27.0,-12.0,15.0
2026-02-02,STIP,ISHARES:0-5 TIPS BD ETF,Bonds,Bonds,56.0,16.0,-40.0
2026-02-02,STLA,STELLANTIS NV,,MR Discretion,-25.0,-2.0,23.0
2026-02-02,STLD,"STEEL DYNAMICS, INC.",Materials,Materials,-3.0,-21.0,-18.0
2026-02-02,STNG,SCORPIO TANKERS INC.,,MR Discretion,-23.0,-70.0,-47.0
2026-02-02,STT,STATE STREET ,Financials,Financials,25.0,49.0,24.0
2026-02-02,STX,SEAGATE TECHNOLOGY HOLDINGS,Information Technology,Information Technology,22.0,28.0,6.0
2026-02-02,STZ,"CONSTELLATION BRANDS, INC.",Consumer Staples,Consumer Staples,9.0,-51.0,-60.0
2026-02-02,SW,SMURFIT WESTROCK PUBLIC LIMITED COMPANY,Materials,Materials,21.0,-7.0,-28.0
2026-02-02,SWK,"STANLEY BLACK & DECKER, INC.",Industrials,Industrials,30.0,-3.0,-33.0
2026-02-02,SWKS,"SKYWORKS SOLUTIONS, INC.",Information Technology,Information Technology,13.0,50.0,37.0
2026-02-02,SYF,SYNCHRONY FINANCIAL,Financials,Financials,3.0,2.0,-1.0
2026-02-02,SYK,STRYKER ,Health Care,Health Care,-18.0,-32.0,-14.0
2026-02-02,SYY,SYSCO ,Consumer Staples,Consumer Staples,-59.0,-76.0,-17.0
2026-02-02,T,AT&T INC.,Communication Services,Communication Services,-11.0,-21.0,-10.0
2026-02-02,TAGS,TEUCRIUM:AGRICULTURAL,,Commodities,52.0,3.0,-49.0
2026-02-02,TAP,MOLSON COORS BEVERAGE COMPANY,Consumer Staples,Consumer Staples,5.0,-7.0,-12.0
2026-02-02,TDG,TRANSDIGM GROUP INC.,Industrials,Industrials,48.0,-27.0,-75.0
2026-02-02,TDW,TIDEWATER INC.,,MR Discretion,-5.0,-48.0,-43.0
2026-02-02,TDY,TELEDYNE TECHNOLOGIES INC.,Information Technology,Information Technology,56.0,5.0,-51.0
2026-02-02,TECH,BIO-TECHNE ,Health Care,Health Care,28.0,22.0,-6.0
2026-02-02,TECK,TECK RESOURCES LIMITED,,MR Discretion,42.0,11.0,-31.0
2026-02-02,TEL,TE CONNECTIVITY LTD,Information Technology,Information Technology,-17.0,47.0,64.0
2026-02-02,TER,"TERADYNE, INC.",Information Technology,Information Technology,18.0,40.0,22.0
2026-02-02,TFC,TRUIST FINANCIAL ,Financials,Financials,17.0,5.0,-12.0
2026-02-02,TGT,TARGET ,Consumer Staples,Consumer Staples,20.0,-17.0,-37.0
2026-02-02,THD,ISHARES:MSCI THAI,,Foreign,-21.0,-5.0,16.0
2026-02-02,TIP,ISHARES:TIPS BD ETF,Bonds,Bonds,13.0,-1.0,-14.0
2026-02-02,TJX,"THE TJX COMPANIES, INC.",Consumer Discretionary,Consumer Discretionary,47.0,47.0,0.0
2026-02-02,TKO,"TKO GROUP HOLDINGS, INC.",Communication Services,Communication Services,31.0,77.0,46.0
2026-02-02,TLT,ISHARES:20+ TRS BD ETF,Bonds,Bonds,-5.0,35.0,40.0
2026-02-02,TMO,THERMO FISHER SCIENTIFIC INC.,Health Care,Health Care,51.0,35.0,-16.0
2026-02-02,TMUS,"T-MOBILE US, INC.",Communication Services,Communication Services,0.0,3.0,3.0
2026-02-02,TNX,10 Y TSY YLD NDX,Yields,Yields,-5.0,-53.0,-48.0
2026-02-02,TPL,TEXAS PACIFIC LAND ,Energy,Energy,-16.0,-69.0,-53.0
2026-02-02,TPR,"TAPESTRY, INC.",Consumer Discretionary,Consumer Discretionary,44.0,51.0,7.0
2026-02-02,TRGP,TARGA RESOURCES CORP.,Energy,Energy,-31.0,-40.0,-9.0
2026-02-02,TRMB,TRIMBLE INC.,Information Technology,Information Technology,26.0,26.0,-0.0
2026-02-02,TROW,"T. ROWE PRICE GROUP, INC.",Financials,Financials,9.0,-3.0,-12.0
2026-02-02,TRV,"THE TRAVELERS COMPANIES, INC.",Financials,Financials,-10.0,3.0,13.0
2026-02-02,TS,TENARIS SA,,MR Discretion,46.0,-41.0,-87.0
2026-02-02,TSCO,TRACTOR SUPPLY COMPANY,Consumer Discretionary,Consumer Discretionary,-1.0,18.0,19.0
2026-02-02,TSLA,"TESLA, INC.",Consumer Discretionary,Consumer Discretionary,-33.0,21.0,54.0
2026-02-02,TSN,"TYSON FOODS, INC.",Consumer Staples,Consumer Staples,-27.0,-44.0,-17.0
2026-02-02,TT,TRANE TECHNOLOGIES PLC,Industrials,Industrials,-10.0,-42.0,-32.0
2026-02-02,TTD,"THE TRADE DESK, INC.",Communication Services,Communication Services,-15.0,-24.0,-9.0
2026-02-02,TTWO,"TAKE-TWO INTERACTIVE SOFTWARE, INC.",Communication Services,Communication Services,33.0,44.0,11.0
2026-02-02,TUR,ISHARES:MSCI TURKEY,,Foreign,1.0,-16.0,-17.0
2026-02-02,TXN,TEXAS INSTRUMENTS INC.,Information Technology,Information Technology,4.0,-23.0,-27.0
2026-02-02,TXT,TEXTRON INC.,Industrials,Industrials,65.0,55.0,-10.0
2026-02-02,TYL,"TYLER TECHNOLOGIES, INC.",Information Technology,Information Technology,17.0,28.0,11.0
2026-02-02,TYX,30 Y TSY YLD NDX,Yields,Yields,0.0,-18.0,-18.0
2026-02-02,UAL,"UNITED AIRLINES HOLDINGS, INC.",Industrials,Industrials,69.0,84.0,15.0
2026-02-02,UBER,"UBER TECHNOLOGIES, INC.",Industrials,Industrials,-17.0,-42.0,-25.0
2026-02-02,UDR,"UDR, INC.",Real Estate,Real Estate,25.0,3.0,-22.0
2026-02-02,UHS,"UNIVERSAL HEALTH SERVICES, INC.",Health Care,Health Care,-49.0,12.0,61.0
2026-02-02,ULTA,"ULTA BEAUTY, INC.",Consumer Discretionary,Consumer Discretionary,30.0,22.0,-8.0
2026-02-02,UNG,UNITED STATES NAT GAS,Energy Complex,Commodities,8.0,-16.0,-24.0
2026-02-02,UNH,UNITEDHEALTH GROUP INC.,Health Care,Health Care,21.0,20.0,-1.0
2026-02-02,UNP,UNION PACIFIC ,Industrials,Industrials,-37.0,-55.0,-18.0
2026-02-02,UPS,"UNITED PARCEL SERVICE, INC.",Industrials,Industrials,16.0,-16.0,-32.0
2026-02-02,URA,GLBL X URANIUM ETF,,Commodities,54.0,19.0,-35.0
2026-02-02,URI,"UNITED RENTALS, INC.",Industrials,Industrials,63.0,55.0,-8.0
2026-02-02,URNM,SPROTT URANIUM MINERS,,MR Discretion,74.0,14.0,-60.0
2026-02-02,USB,U.S. BANCORP,Financials,Financials,15.0,5.0,-10.0
2026-02-02,USO,UNITED STATES OIL FUND,Energy Complex,Commodities,-36.0,-32.0,4.0
2026-02-02,UUP,INVESCO DB USD IDX BL,,Currencies,-19.0,-6.0,13.0
2026-02-02,V,VISA INC.,Financials,Financials,15.0,23.0,8.0
2026-02-02,VAL,VALARIS LIMITED,,MR Discretion,21.0,-22.0,-43.0
2026-02-02,VICI,VICI PROPERTIES INC.,Real Estate,Real Estate,10.0,3.0,-7.0
2026-02-02,VIX,CBOE MKT VOLATILITY IDX,,Volatility,12.0,8.0,-4.0
2026-02-02,VLO,VALERO ENERGY ,Energy,Energy,45.0,-13.0,-58.0
2026-02-02,VLTO,VERALTO ,Industrials,Industrials,-16.0,-23.0,-7.0
2026-02-02,VMC,VULCAN MATERIALS COMPANY,Materials,Materials,-6.0,-31.0,-25.0
2026-02-02,VNM,VANECK:VIETNAM,,Foreign,0.0,77.0,77.0
2026-02-02,VRSK,"VERISK ANALYTICS, INC.",Industrials,Industrials,6.0,-10.0,-16.0
2026-02-02,VRSN,"VERISIGN, INC.",Information Technology,Information Technology,-38.0,-18.0,20.0
2026-02-02,VRTX,VERTEX PHARMACEUTICALS INC.,Health Care,Health Care,21.0,-3.0,-24.0
2026-02-02,VST,VISTRA CORP.,Utilities,Utilities,-17.0,-21.0,-4.0
2026-02-02,VTR,"VENTAS, INC.",Real Estate,Real Estate,-16.0,22.0,38.0
2026-02-02,VTRS,VIATRIS INC.,Health Care,Health Care,-9.0,-12.0,-3.0
2026-02-02,VXN,CBOE NASDAQ MKT VOL NDX,,Volatility,21.0,-1.0,-22.0
2026-02-02,VZ,VERIZON COMMUNICATIONS INC.,Communication Services,Communication Services,-25.0,-57.0,-32.0
2026-02-02,WAB,WESTINGHOUSE AIR BRAKE TECHNOLOGIES ,Industrials,Industrials,12.0,-63.0,-75.0
2026-02-02,WAT,WATERS ,Health Care,Health Care,-16.0,-9.0,7.0
2026-02-02,WBD,"WARNER BROS. DISCOVERY, INC.",Communication Services,Communication Services,1.0,-15.0,-16.0
2026-02-02,WDAY,"WORKDAY, INC.",Information Technology,Information Technology,-35.0,-24.0,11.0
2026-02-02,WDC,WESTERN DIGITAL ,Information Technology,Information Technology,-25.0,-16.0,9.0
2026-02-02,WEAT,TEUCRIUM:WHEAT,,Commodities,15.0,-20.0,-35.0
2026-02-02,WEC,"WEC ENERGY GROUP, INC.",Utilities,Utilities,37.0,10.0,-27.0
2026-02-02,WELL,WELLTOWER INC.,Real Estate,Real Estate,-18.0,6.0,24.0
2026-02-02,WFC,WELLS FARGO & COMPANY,Financials,Financials,29.0,56.0,27.0
2026-02-02,WM,"WASTE MANAGEMENT, INC.",Industrials,Industrials,-43.0,-28.0,15.0
2026-02-02,WMB,"THE WILLIAMS COMPANIES, INC.",Energy,Energy,52.0,22.0,-30.0
2026-02-02,WMT,WALMART INC.,Consumer Staples,Consumer Staples,-17.0,24.0,41.0
2026-02-02,WRB,W. R. BERKLEY ,Financials,Financials,0.0,4.0,4.0
2026-02-02,WSM,"WILLIAMS-SONOMA, INC.",Consumer Discretionary,Consumer Discretionary,6.0,-69.0,-75.0
2026-02-02,WST,"WEST PHARMACEUTICAL SERVICES, INC.",Health Care,Health Care,24.0,21.0,-3.0
2026-02-02,WTW,WILLIS TOWERS WATSON,Financials,Financials,13.0,84.0,71.0
2026-02-02,WY,WEYERHAEUSER COMPANY,Real Estate,Real Estate,21.0,-41.0,-62.0
2026-02-02,WYNN,"WYNN RESORTS, LIMITED",Consumer Discretionary,Consumer Discretionary,-14.0,-21.0,-7.0
2026-02-02,XEL,XCEL ENERGY INC.,Utilities,Utilities,38.0,24.0,-14.0
2026-02-02,XES,SPDR S&P OIL&GAS E&S,,MR Discretion,-13.0,-48.0,-35.0
2026-02-02,XLB,SEL SECTOR:MATRLS SPDR,,Sector & Style ETFs,48.0,18.0,-30.0
2026-02-02,XLC,SEL SECTOR:COMM SVC SPDR,,Sector & Style ETFs,22.0,20.0,-2.0
2026-02-02,XLE,SEL SECTOR:ENERGY SPDR,,Sector & Style ETFs,-3.0,-11.0,-8.0
2026-02-02,XLF,SEL SECTOR:FINL S SPDR,,Sector & Style ETFs,16.0,34.0,18.0
2026-02-02,XLI,SEL SECTOR:INDUST SPDR,,Sector & Style ETFs,16.0,-41.0,-57.0
2026-02-02,XLK,SEL SECTOR:TECH SPDR,,Sector & Style ETFs,22.0,35.0,13.0
2026-02-02,XLP,SEL SECTOR:C STP SPDR,,Sector & Style ETFs,-13.0,-43.0,-30.0
2026-02-02,XLRE,SEL SECTOR:RL EST SPDR,,Sector & Style ETFs,-20.0,-31.0,-11.0
2026-02-02,XLU,SEL SECTOR:UTIL SPDR,,Sector & Style ETFs,-34.0,1.0,35.0
2026-02-02,XLV,SEL SECTOR:H CARE SPDR,,Sector & Style ETFs,2.0,3.0,1.0
2026-02-02,XLY,SEL SECTOR:C DSC SPDR,,Sector & Style ETFs,2.0,-7.0,-9.0
2026-02-02,XOM,EXXON MOBIL ,Energy,Energy,30.0,-7.0,-37.0
2026-02-02,XOP,SPDR S&P OIL&GAS EXP,,MR Discretion,-13.0,-22.0,-9.0
2026-02-02,XYL,XYLEM INC.,Industrials,Industrials,-9.0,-22.0,-13.0
2026-02-02,XYZ,"BLOCK, INC.",Financials,Financials,-11.0,12.0,23.0
2026-02-02,YUM,"YUM! BRANDS, INC.",Consumer Discretionary,Consumer Discretionary,-25.0,-28.0,-3.0
2026-02-02,ZBH,"ZIMMER BIOMET HOLDINGS, INC.",Health Care,Health Care,28.0,20.0,-8.0
2026-02-02,ZBRA,ZEBRA TECHNOLOGIES ,Information Technology,Information Technology,16.0,20.0,4.0
2026-02-02,ZTS,ZOETIS INC.,Health Care,Health Care,5.0,-14.0,-19.0
